customer_id,signup_date,customer_segment
1,2022-12-05,Returning
2,2022-03-23,Returning
3,2022-07-25,Returning
4,2022-04-12,Returning
5,2022-01-10,VIP
6,2022-06-19,New
7,2022-07-03,Returning
8,2022-12-06,New
9,2022-09-26,Returning
10,2022-07-03,VIP
11,2022-04-29,VIP
12,2022-03-14,Returning
13,2022-08-15,VIP
14,2022-12-08,New
15,2022-09-18,New
16,2022-02-03,New
17,2022-10-16,Returning
18,2022-07-20,Returning
19,2022-01-27,Returning
20,2022-12-23,New
21,2022-05-27,Returning
22,2022-01-20,Returning
23,2022-10-09,New
24,2022-06-15,New
25,2022-02-04,Returning
26,2022-11-14,New
27,2022-06-24,VIP
28,2022-04-03,New
29,2022-05-02,New
30,2022-07-15,New
31,2022-10-19,Returning
32,2022-07-06,Returning
33,2022-08-19,VIP
34,2022-07-11,New
35,2022-08-21,New
36,2022-03-02,New
37,2022-03-27,New
38,2022-09-09,New
39,2022-06-06,VIP
40,2022-09-23,Returning
41,2022-07-20,New
42,2022-08-26,VIP
43,2022-05-07,Returning
44,2022-08-19,New
45,2022-07-18,New
46,2022-04-14,Returning
47,2022-08-04,New
48,2022-02-05,New
49,2022-10-28,New
50,2022-04-06,Returning
51,2022-07-31,VIP
52,2022-07-30,New
53,2022-05-15,VIP
54,2022-06-25,New
55,2022-08-03,New
56,2023-01-01,New
57,2022-11-29,New
58,2022-04-18,New
59,2022-06-24,New
60,2022-04-22,Returning
61,2022-01-18,New
62,2022-04-27,New
63,2022-12-13,VIP
64,2022-09-11,Returning
65,2022-05-30,New
66,2022-10-08,Returning
67,2022-01-14,Returning
68,2022-01-22,New
69,2022-02-26,New
70,2022-07-13,New
71,2022-02-28,New
72,2022-11-15,Returning
73,2022-09-11,New
74,2022-07-17,New
75,2022-04-06,New
76,2022-07-08,Returning
77,2022-11-13,VIP
78,2022-08-29,New
79,2022-09-05,New
80,2022-09-14,Returning
81,2022-11-02,New
82,2022-08-03,New
83,2022-07-22,New
84,2022-03-25,New
85,2022-03-17,VIP
86,2022-06-25,New
87,2022-07-17,Returning
88,2022-03-23,Returning
89,2022-02-12,Returning
90,2022-04-30,New
91,2022-03-15,New
92,2022-01-24,Returning
93,2022-12-18,New
94,2022-02-16,New
95,2022-09-23,VIP
96,2022-07-12,VIP
97,2022-03-17,New
98,2022-04-15,Returning
99,2022-11-09,Returning
100,2022-05-06,New
101,2022-12-07,New
102,2022-08-24,New
103,2022-03-11,VIP
104,2022-07-29,VIP
105,2022-05-28,New
106,2022-04-11,VIP
107,2022-03-08,New
108,2022-03-30,New
109,2022-12-30,New
110,2022-08-01,Returning
111,2022-07-16,New
112,2022-12-12,VIP
113,2022-06-18,VIP
114,2022-05-25,Returning
115,2022-03-05,New
116,2022-01-23,New
117,2022-11-16,VIP
118,2022-10-09,Returning
119,2022-05-06,Returning
120,2022-11-14,New
121,2022-10-12,VIP
122,2022-06-06,New
123,2022-11-01,Returning
124,2022-03-22,New
125,2022-02-23,VIP
126,2022-12-20,VIP
127,2022-06-21,New
128,2022-03-17,Returning
129,2022-01-11,VIP
130,2022-09-23,VIP
131,2022-11-01,New
132,2022-02-16,New
133,2022-02-04,New
134,2022-10-21,New
135,2022-07-24,New
136,2022-04-14,New
137,2022-02-27,New
138,2022-11-01,VIP
139,2022-05-04,Returning
140,2022-03-13,New
141,2022-06-15,New
142,2022-11-02,Returning
143,2022-12-20,New
144,2022-09-21,Returning
145,2022-03-13,New
146,2022-12-16,VIP
147,2022-12-30,Returning
148,2022-08-23,New
149,2022-12-09,Returning
150,2022-11-08,New
151,2022-12-24,New
152,2022-06-24,VIP
153,2022-04-22,VIP
154,2022-07-30,New
155,2022-11-13,New
156,2022-09-03,VIP
157,2022-05-31,New
158,2022-01-23,Returning
159,2022-01-04,New
160,2022-10-05,New
161,2022-12-29,New
162,2022-03-04,New
163,2022-01-28,Returning
164,2022-07-18,VIP
165,2022-03-26,New
166,2022-02-19,New
167,2022-05-24,Returning
168,2022-02-17,Returning
169,2022-12-24,Returning
170,2022-09-24,Returning
171,2022-09-22,Returning
172,2022-11-18,Returning
173,2022-02-03,New
174,2022-12-21,Returning
175,2022-05-01,New
176,2022-12-06,New
177,2022-08-23,Returning
178,2022-08-02,New
179,2022-10-27,Returning
180,2022-06-25,Returning
181,2022-06-20,Returning
182,2022-09-08,Returning
183,2022-04-07,VIP
184,2022-11-04,New
185,2022-10-23,Returning
186,2022-08-25,Returning
187,2022-08-16,VIP
188,2022-10-18,New
189,2022-01-31,New
190,2022-03-05,Returning
191,2022-11-23,Returning
192,2022-08-20,New
193,2022-10-09,VIP
194,2022-07-21,VIP
195,2022-09-23,New
196,2022-07-02,New
197,2022-01-30,Returning
198,2022-08-15,New
199,2022-05-09,New
200,2022-05-29,New
201,2022-04-02,Returning
202,2022-12-10,New
203,2022-04-05,VIP
204,2022-01-21,Returning
205,2022-05-26,New
206,2022-09-19,New
207,2022-05-01,New
208,2022-04-17,New
209,2022-05-07,Returning
210,2022-11-09,Returning
211,2022-01-11,Returning
212,2022-01-18,New
213,2022-07-31,Returning
214,2022-05-30,VIP
215,2022-12-18,New
216,2022-01-06,New
217,2022-03-09,VIP
218,2022-05-14,New
219,2022-03-30,New
220,2022-10-25,Returning
221,2022-09-11,VIP
222,2022-10-04,VIP
223,2022-05-29,New
224,2022-11-29,Returning
225,2022-02-09,New
226,2022-07-17,Returning
227,2022-07-23,Returning
228,2022-11-24,New
229,2022-04-27,Returning
230,2022-03-09,Returning
231,2022-05-17,New
232,2022-10-05,New
233,2022-03-21,New
234,2022-11-09,VIP
235,2022-03-06,Returning
236,2022-06-04,Returning
237,2022-09-18,New
238,2022-06-28,VIP
239,2022-05-17,New
240,2022-09-29,Returning
241,2022-02-26,New
242,2022-08-01,VIP
243,2022-02-10,New
244,2022-03-03,New
245,2022-11-26,VIP
246,2022-05-11,New
247,2022-09-10,Returning
248,2022-04-01,New
249,2022-06-17,Returning
250,2022-07-18,Returning
251,2022-02-09,New
252,2022-12-12,New
253,2022-06-12,Returning
254,2022-09-04,New
255,2022-12-20,Returning
256,2022-04-01,New
257,2022-06-10,Returning
258,2022-02-09,New
259,2022-05-28,Returning
260,2022-08-31,New
261,2022-01-07,VIP
262,2022-11-20,VIP
263,2022-12-13,VIP
264,2022-04-09,Returning
265,2022-08-19,Returning
266,2022-08-23,New
267,2022-02-16,New
268,2022-09-04,New
269,2022-02-11,New
270,2022-05-11,Returning
271,2022-09-03,VIP
272,2022-12-11,VIP
273,2022-10-04,New
274,2022-01-13,New
275,2022-08-07,Returning
276,2022-11-04,New
277,2022-09-15,Returning
278,2022-02-07,VIP
279,2022-11-02,Returning
280,2022-03-24,VIP
281,2022-11-13,New
282,2022-01-16,VIP
283,2022-06-22,New
284,2022-12-17,Returning
285,2022-01-27,VIP
286,2022-08-24,Returning
287,2022-04-10,Returning
288,2022-06-24,New
289,2022-11-29,New
290,2022-11-24,VIP
291,2022-11-08,VIP
292,2022-11-04,Returning
293,2022-12-13,New
294,2022-12-15,New
295,2022-01-20,New
296,2022-11-29,VIP
297,2022-06-30,VIP
298,2022-11-19,New
299,2022-10-15,Returning
300,2022-03-29,Returning
301,2022-01-24,New
302,2022-07-14,New
303,2022-12-30,Returning
304,2022-01-02,New
305,2022-12-15,New
306,2022-08-12,New
307,2022-06-19,New
308,2022-02-10,New
309,2022-03-07,VIP
310,2022-05-24,VIP
311,2022-08-09,Returning
312,2022-03-03,New
313,2022-02-18,Returning
314,2022-02-17,New
315,2022-04-15,New
316,2022-11-27,VIP
317,2022-09-15,Returning
318,2022-07-08,Returning
319,2022-07-01,New
320,2022-03-04,New
321,2022-10-07,New
322,2022-05-04,Returning
323,2022-08-18,Returning
324,2022-03-24,Returning
325,2022-10-22,Returning
326,2022-07-12,New
327,2022-11-25,Returning
328,2022-10-16,Returning
329,2022-01-25,VIP
330,2022-09-08,New
331,2022-02-10,New
332,2022-06-24,Returning
333,2022-12-18,New
334,2022-03-18,New
335,2022-12-14,Returning
336,2022-03-06,Returning
337,2022-12-29,New
338,2022-04-30,New
339,2022-11-02,Returning
340,2022-08-29,Returning
341,2022-01-19,VIP
342,2022-07-08,New
343,2022-05-07,New
344,2022-04-06,Returning
345,2022-11-22,Returning
346,2022-03-01,New
347,2022-02-02,New
348,2022-11-06,New
349,2022-06-16,New
350,2022-09-20,Returning
351,2022-04-06,New
352,2022-12-22,New
353,2022-06-28,VIP
354,2022-03-18,Returning
355,2022-04-08,New
356,2022-11-23,Returning
357,2022-03-03,New
358,2022-10-07,New
359,2022-03-13,Returning
360,2022-07-04,Returning
361,2022-11-04,VIP
362,2022-04-09,New
363,2022-03-13,New
364,2022-04-21,New
365,2022-01-14,New
366,2022-09-30,New
367,2022-10-07,New
368,2022-11-09,New
369,2022-06-19,VIP
370,2022-08-09,VIP
371,2022-08-24,New
372,2022-07-17,New
373,2022-09-23,VIP
374,2022-12-31,Returning
375,2022-07-13,VIP
376,2022-09-23,New
377,2022-07-21,New
378,2022-01-27,New
379,2022-10-28,New
380,2022-05-14,Returning
381,2022-05-11,Returning
382,2022-09-21,New
383,2022-07-14,Returning
384,2022-01-13,Returning
385,2022-08-30,New
386,2022-04-16,New
387,2022-03-01,New
388,2022-08-23,Returning
389,2022-01-05,New
390,2022-05-18,VIP
391,2022-07-03,Returning
392,2022-04-16,New
393,2022-07-31,Returning
394,2022-04-17,Returning
395,2022-09-23,New
396,2022-01-28,Returning
397,2022-06-18,VIP
398,2022-10-05,New
399,2022-07-26,Returning
400,2022-02-09,New
401,2022-03-13,New
402,2022-07-09,New
403,2022-08-26,VIP
404,2022-08-17,New
405,2022-01-08,New
406,2022-11-22,Returning
407,2022-02-11,VIP
408,2022-02-22,VIP
409,2022-10-12,Returning
410,2022-08-27,New
411,2022-06-08,New
412,2022-03-15,VIP
413,2022-01-20,New
414,2022-01-04,New
415,2022-09-21,VIP
416,2022-10-23,VIP
417,2022-07-07,Returning
418,2022-06-12,New
419,2022-05-07,Returning
420,2022-11-23,New
421,2022-05-11,New
422,2022-01-30,New
423,2022-02-01,New
424,2022-01-22,VIP
425,2022-01-30,Returning
426,2022-01-16,Returning
427,2022-12-15,Returning
428,2022-02-01,New
429,2022-09-25,New
430,2022-09-06,New
431,2022-07-18,VIP
432,2022-01-18,Returning
433,2022-05-26,New
434,2022-08-26,New
435,2022-08-18,New
436,2022-02-05,New
437,2022-03-07,New
438,2022-11-12,New
439,2022-10-03,VIP
440,2022-08-19,New
441,2022-10-14,New
442,2022-06-10,Returning
443,2022-10-12,Returning
444,2022-06-06,Returning
445,2022-01-25,Returning
446,2022-02-26,Returning
447,2022-11-26,New
448,2022-10-18,Returning
449,2022-08-04,New
450,2022-05-11,New
451,2022-08-13,New
452,2022-10-02,New
453,2022-08-29,VIP
454,2022-10-19,New
455,2022-02-21,New
456,2022-04-22,New
457,2022-08-04,Returning
458,2022-04-21,Returning
459,2022-06-26,Returning
460,2022-06-23,Returning
461,2022-08-20,New
462,2022-07-07,Returning
463,2022-01-07,New
464,2022-03-21,New
465,2022-03-05,New
466,2022-11-17,VIP
467,2022-07-01,Returning
468,2022-08-21,Returning
469,2022-11-30,Returning
470,2022-08-10,Returning
471,2022-12-05,New
472,2022-10-08,New
473,2022-03-16,Returning
474,2022-04-26,Returning
475,2022-04-22,VIP
476,2022-12-04,Returning
477,2022-11-03,Returning
478,2022-12-25,Returning
479,2022-11-27,New
480,2022-11-26,New
481,2022-01-16,VIP
482,2022-02-09,VIP
483,2022-10-19,VIP
484,2022-10-01,Returning
485,2022-01-16,New
486,2022-06-07,New
487,2022-08-20,VIP
488,2022-07-15,New
489,2022-09-24,New
490,2022-06-02,Returning
491,2022-04-12,New
492,2022-06-27,Returning
493,2022-03-08,New
494,2022-11-21,Returning
495,2022-05-26,Returning
496,2022-01-05,New
497,2022-11-08,New
498,2022-07-05,New
499,2022-05-16,Returning
500,2022-08-31,VIP
501,2022-01-14,Returning
502,2022-07-08,New
503,2022-07-11,New
504,2022-02-06,New
505,2022-12-27,Returning
506,2022-02-18,New
507,2022-11-15,VIP
508,2022-08-16,Returning
509,2022-07-07,VIP
510,2022-07-12,New
511,2022-12-18,Returning
512,2022-09-08,New
513,2022-08-24,Returning
514,2022-01-17,New
515,2022-02-01,New
516,2022-06-02,New
517,2022-01-26,Returning
518,2022-02-20,Returning
519,2022-08-17,New
520,2022-11-20,VIP
521,2022-05-25,Returning
522,2022-09-06,New
523,2022-12-29,New
524,2022-01-08,Returning
525,2022-01-13,VIP
526,2022-06-20,Returning
527,2022-05-21,VIP
528,2022-05-02,New
529,2022-01-28,New
530,2022-07-15,New
531,2022-06-03,New
532,2022-10-11,Returning
533,2022-10-05,VIP
534,2022-06-25,New
535,2022-10-10,Returning
536,2022-12-21,New
537,2022-08-20,New
538,2022-04-03,New
539,2022-09-22,Returning
540,2022-02-21,VIP
541,2022-04-20,New
542,2022-05-08,New
543,2022-02-10,Returning
544,2022-12-06,New
545,2022-10-28,Returning
546,2022-02-04,Returning
547,2022-02-04,New
548,2022-12-04,Returning
549,2022-03-25,New
550,2022-12-27,New
551,2022-11-13,New
552,2022-11-22,Returning
553,2022-09-16,Returning
554,2022-08-13,New
555,2022-02-03,New
556,2022-07-26,New
557,2022-11-17,VIP
558,2022-09-24,New
559,2022-12-30,New
560,2022-12-22,New
561,2022-07-28,Returning
562,2022-06-29,Returning
563,2022-10-02,Returning
564,2022-08-16,Returning
565,2022-11-25,New
566,2022-05-06,VIP
567,2022-08-11,Returning
568,2022-11-04,New
569,2022-07-04,New
570,2022-10-17,New
571,2022-09-17,Returning
572,2022-11-17,VIP
573,2022-03-23,Returning
574,2022-09-22,New
575,2022-01-18,Returning
576,2022-08-07,New
577,2022-11-06,New
578,2022-04-19,Returning
579,2022-04-09,New
580,2022-02-14,VIP
581,2022-11-14,Returning
582,2022-03-19,New
583,2022-02-22,Returning
584,2022-09-12,VIP
585,2022-07-20,New
586,2022-05-20,New
587,2022-10-04,New
588,2022-02-17,Returning
589,2022-04-21,Returning
590,2022-02-23,Returning
591,2022-07-21,VIP
592,2022-06-26,Returning
593,2022-10-23,New
594,2022-09-09,VIP
595,2022-04-10,Returning
596,2022-01-16,Returning
597,2022-11-07,Returning
598,2022-12-14,Returning
599,2022-12-08,New
600,2022-07-27,Returning
601,2022-03-18,New
602,2022-10-11,New
603,2022-07-11,Returning
604,2022-06-27,Returning
605,2022-03-02,New
606,2022-11-03,New
607,2022-12-27,New
608,2022-07-01,New
609,2022-08-25,New
610,2022-09-17,VIP
611,2022-03-26,New
612,2022-04-27,Returning
613,2022-12-02,VIP
614,2022-06-15,New
615,2022-03-16,New
616,2022-02-03,New
617,2023-01-01,New
618,2022-03-13,VIP
619,2022-12-17,New
620,2022-04-28,New
621,2022-05-28,Returning
622,2022-01-19,New
623,2022-05-16,New
624,2022-12-07,Returning
625,2022-05-02,New
626,2022-09-30,New
627,2022-03-04,New
628,2022-12-21,Returning
629,2022-09-05,Returning
630,2022-04-30,Returning
631,2022-11-06,New
632,2022-05-11,New
633,2022-04-22,Returning
634,2022-04-09,VIP
635,2022-02-16,New
636,2022-08-04,New
637,2022-11-10,New
638,2022-09-28,Returning
639,2022-08-12,New
640,2022-12-13,New
641,2022-04-18,New
642,2022-12-10,New
643,2022-12-11,Returning
644,2022-01-26,New
645,2022-03-13,New
646,2022-10-01,VIP
647,2022-08-30,New
648,2022-03-06,New
649,2022-05-20,Returning
650,2022-09-27,Returning
651,2022-07-22,New
652,2022-02-23,Returning
653,2023-01-01,New
654,2022-01-04,New
655,2022-06-09,VIP
656,2022-10-27,New
657,2022-03-15,New
658,2022-12-05,New
659,2022-08-05,VIP
660,2022-06-06,New
661,2022-10-03,Returning
662,2022-02-12,Returning
663,2022-04-22,New
664,2022-11-03,New
665,2022-11-07,Returning
666,2022-12-10,New
667,2022-06-07,New
668,2022-10-25,Returning
669,2022-06-17,Returning
670,2022-03-08,New
671,2022-02-15,New
672,2022-11-20,New
673,2022-09-02,New
674,2022-08-02,Returning
675,2022-08-15,VIP
676,2022-08-02,Returning
677,2022-07-18,New
678,2022-03-31,Returning
679,2022-09-12,New
680,2022-08-29,New
681,2022-08-12,New
682,2022-11-07,VIP
683,2022-05-16,Returning
684,2022-08-08,New
685,2022-02-01,VIP
686,2022-03-08,New
687,2022-10-09,New
688,2022-10-05,Returning
689,2022-03-22,Returning
690,2022-06-11,Returning
691,2022-12-29,New
692,2022-05-17,New
693,2022-08-10,New
694,2022-03-21,Returning
695,2022-04-04,New
696,2022-01-30,New
697,2022-04-21,Returning
698,2022-02-02,New
699,2022-09-20,VIP
700,2022-08-31,Returning
701,2022-12-11,VIP
702,2022-02-19,New
703,2022-11-06,Returning
704,2022-06-14,VIP
705,2022-06-30,Returning
706,2022-03-10,New
707,2022-08-13,Returning
708,2022-11-10,Returning
709,2022-08-15,New
710,2022-12-15,Returning
711,2022-09-13,New
712,2022-05-17,New
713,2022-12-12,New
714,2022-01-05,New
715,2022-06-20,VIP
716,2022-09-14,New
717,2022-03-03,VIP
718,2022-11-12,New
719,2022-09-06,New
720,2022-01-24,New
721,2022-10-06,Returning
722,2022-04-09,Returning
723,2022-12-03,New
724,2022-06-21,Returning
725,2022-05-06,New
726,2022-10-17,New
727,2022-09-04,New
728,2022-06-15,New
729,2022-05-31,VIP
730,2022-11-06,Returning
731,2022-08-05,New
732,2022-01-02,Returning
733,2022-09-06,New
734,2022-03-21,New
735,2022-10-20,New
736,2022-07-17,Returning
737,2022-06-26,Returning
738,2022-05-29,Returning
739,2022-04-15,New
740,2022-03-17,Returning
741,2022-04-21,Returning
742,2022-03-13,Returning
743,2022-02-12,Returning
744,2022-09-04,New
745,2022-03-06,New
746,2022-06-26,New
747,2022-09-29,New
748,2022-10-30,Returning
749,2022-03-28,Returning
750,2022-05-14,New
751,2022-12-07,New
752,2022-06-01,Returning
753,2022-12-16,Returning
754,2022-08-12,New
755,2022-06-07,New
756,2022-05-09,VIP
757,2022-11-05,VIP
758,2022-12-16,Returning
759,2022-06-05,New
760,2022-03-09,New
761,2022-03-17,New
762,2022-08-23,New
763,2022-06-05,New
764,2022-04-14,Returning
765,2022-02-17,Returning
766,2022-07-06,New
767,2022-02-16,New
768,2022-09-08,Returning
769,2022-10-13,New
770,2022-09-16,Returning
771,2022-04-10,Returning
772,2022-02-12,New
773,2022-07-14,New
774,2022-04-22,Returning
775,2022-11-12,Returning
776,2022-06-30,New
777,2022-07-27,New
778,2022-07-28,Returning
779,2022-10-25,New
780,2022-05-19,New
781,2022-05-01,Returning
782,2022-05-14,Returning
783,2022-04-05,Returning
784,2022-07-18,Returning
785,2022-02-24,New
786,2022-06-07,Returning
787,2022-02-14,New
788,2022-08-05,Returning
789,2022-04-21,New
790,2022-10-22,Returning
791,2022-12-02,Returning
792,2022-01-27,New
793,2022-08-19,VIP
794,2022-12-16,Returning
795,2022-05-21,New
796,2022-01-26,VIP
797,2022-03-27,Returning
798,2022-01-06,New
799,2022-01-25,New
800,2022-07-19,Returning
801,2022-10-08,Returning
802,2022-12-09,New
803,2022-09-24,VIP
804,2022-05-16,New
805,2022-02-03,Returning
806,2023-01-01,New
807,2022-03-09,New
808,2022-03-28,New
809,2022-04-24,New
810,2022-11-16,New
811,2022-12-13,New
812,2022-04-08,New
813,2022-05-12,VIP
814,2022-08-19,New
815,2022-08-28,New
816,2022-12-21,New
817,2022-01-04,New
818,2022-03-02,New
819,2022-01-11,New
820,2022-03-09,New
821,2022-07-18,Returning
822,2022-02-27,New
823,2022-10-21,New
824,2022-05-01,New
825,2022-10-07,VIP
826,2022-08-11,New
827,2022-02-17,Returning
828,2022-07-30,Returning
829,2022-02-09,New
830,2022-05-28,Returning
831,2022-09-16,Returning
832,2022-09-28,Returning
833,2022-12-31,Returning
834,2022-06-07,New
835,2022-03-01,Returning
836,2022-10-11,New
837,2022-07-11,New
838,2022-01-07,New
839,2022-08-11,New
840,2022-01-24,Returning
841,2022-03-06,New
842,2022-07-05,New
843,2022-05-15,Returning
844,2022-12-09,New
845,2022-06-27,Returning
846,2022-03-30,Returning
847,2022-10-09,New
848,2022-12-14,Returning
849,2022-12-22,Returning
850,2022-11-04,Returning
851,2022-10-07,VIP
852,2022-03-14,VIP
853,2022-07-18,New
854,2022-06-20,New
855,2022-09-09,New
856,2022-09-14,New
857,2022-06-13,Returning
858,2022-04-04,Returning
859,2022-10-28,New
860,2022-07-27,Returning
861,2022-05-11,New
862,2022-01-16,VIP
863,2022-09-25,VIP
864,2022-08-11,New
865,2022-06-08,New
866,2022-11-11,Returning
867,2022-05-23,New
868,2022-01-11,New
869,2022-09-24,VIP
870,2022-07-10,VIP
871,2022-11-20,New
872,2022-06-26,New
873,2022-01-12,VIP
874,2022-06-18,VIP
875,2022-10-16,New
876,2022-09-10,New
877,2022-05-18,Returning
878,2022-02-23,New
879,2022-07-20,New
880,2022-07-07,New
881,2022-03-12,New
882,2022-11-24,New
883,2022-01-19,New
884,2022-07-16,Returning
885,2022-09-02,VIP
886,2022-03-23,New
887,2022-09-30,New
888,2022-11-09,Returning
889,2022-09-29,Returning
890,2022-05-01,Returning
891,2022-11-26,Returning
892,2022-07-21,VIP
893,2022-10-08,New
894,2022-06-16,New
895,2022-11-12,New
896,2022-03-25,VIP
897,2022-01-29,VIP
898,2022-09-07,Returning
899,2022-08-25,Returning
900,2022-05-28,Returning
901,2022-04-07,VIP
902,2022-12-11,Returning
903,2022-04-30,Returning
904,2022-03-10,New
905,2022-03-18,Returning
906,2022-07-25,New
907,2022-03-07,New
908,2022-06-16,New
909,2022-10-25,New
910,2022-09-19,VIP
911,2022-05-30,Returning
912,2022-06-14,Returning
913,2022-03-15,New
914,2022-04-16,New
915,2022-10-16,New
916,2022-08-09,Returning
917,2022-03-24,New
918,2022-07-18,New
919,2022-10-11,Returning
920,2022-01-24,Returning
921,2022-07-22,New
922,2022-09-11,Returning
923,2022-06-29,New
924,2022-09-14,New
925,2022-09-25,Returning
926,2022-05-05,VIP
927,2022-03-17,New
928,2022-08-05,New
929,2022-11-04,Returning
930,2022-07-12,Returning
931,2022-08-08,Returning
932,2022-07-26,New
933,2022-10-06,VIP
934,2022-03-27,New
935,2022-10-20,New
936,2022-12-18,Returning
937,2022-04-21,Returning
938,2022-04-05,Returning
939,2022-10-06,Returning
940,2022-10-30,New
941,2022-06-04,VIP
942,2022-01-31,New
943,2022-10-01,Returning
944,2022-06-18,VIP
945,2022-09-27,Returning
946,2022-04-06,New
947,2022-07-15,Returning
948,2022-08-16,VIP
949,2022-05-07,New
950,2022-06-22,VIP
951,2022-10-20,New
952,2022-08-03,Returning
953,2022-01-17,VIP
954,2022-03-15,VIP
955,2022-06-29,New
956,2022-05-05,VIP
957,2022-11-11,Returning
958,2022-08-04,VIP
959,2022-02-09,Returning
960,2022-10-25,New
961,2022-01-08,Returning
962,2022-02-26,Returning
963,2022-04-26,New
964,2022-08-18,Returning
965,2022-11-29,Returning
966,2022-09-16,Returning
967,2022-04-06,New
968,2022-08-01,Returning
969,2022-03-14,VIP
970,2022-10-15,VIP
971,2022-03-07,New
972,2022-02-22,New
973,2022-04-13,New
974,2022-10-19,New
975,2022-10-12,New
976,2022-12-09,New
977,2022-12-14,Returning
978,2022-04-07,New
979,2022-07-06,New
980,2022-03-30,New
981,2022-09-20,New
982,2022-08-28,Returning
983,2022-02-09,Returning
984,2022-01-02,Returning
985,2022-11-25,Returning
986,2022-03-23,VIP
987,2022-06-13,New
988,2022-12-31,Returning
989,2022-05-21,New
990,2022-09-21,New
991,2022-08-27,New
992,2022-01-13,Returning
993,2022-04-05,New
994,2022-12-13,Returning
995,2022-04-28,New
996,2022-12-28,Returning
997,2022-02-12,New
998,2022-05-29,New
999,2022-05-16,VIP
1000,2022-12-26,New
1001,2022-12-02,New
1002,2022-06-23,New
1003,2022-08-15,New
1004,2022-03-09,New
1005,2022-09-20,New
1006,2022-08-09,New
1007,2022-11-19,Returning
1008,2022-07-02,New
1009,2022-01-18,VIP
1010,2022-09-26,VIP
1011,2022-03-19,New
1012,2022-11-03,Returning
1013,2022-02-12,New
1014,2022-06-28,New
1015,2022-11-17,Returning
1016,2022-03-22,New
1017,2022-02-12,New
1018,2022-11-10,New
1019,2022-11-20,New
1020,2022-10-02,Returning
1021,2022-06-28,New
1022,2022-01-20,VIP
1023,2022-02-21,Returning
1024,2022-09-05,Returning
1025,2022-12-19,VIP
1026,2022-05-29,New
1027,2022-06-06,Returning
1028,2022-10-05,New
1029,2022-05-26,New
1030,2022-01-08,Returning
1031,2022-11-10,Returning
1032,2022-09-09,Returning
1033,2022-02-26,New
1034,2022-11-04,Returning
1035,2022-11-15,Returning
1036,2022-10-31,New
1037,2022-03-27,New
1038,2022-11-16,VIP
1039,2022-11-29,New
1040,2022-05-18,Returning
1041,2022-03-28,Returning
1042,2022-03-31,Returning
1043,2022-07-27,VIP
1044,2022-02-01,VIP
1045,2022-11-07,New
1046,2022-07-24,Returning
1047,2022-08-20,Returning
1048,2022-06-16,New
1049,2022-10-23,Returning
1050,2022-11-09,New
1051,2022-01-08,New
1052,2022-09-13,New
1053,2022-07-03,Returning
1054,2022-02-01,New
1055,2022-09-13,VIP
1056,2022-08-21,Returning
1057,2022-06-10,Returning
1058,2022-12-08,VIP
1059,2022-12-24,Returning
1060,2022-05-16,Returning
1061,2022-08-19,New
1062,2022-12-03,New
1063,2022-09-19,Returning
1064,2022-04-23,Returning
1065,2022-03-30,Returning
1066,2022-07-01,New
1067,2022-10-13,New
1068,2022-03-01,New
1069,2022-10-18,VIP
1070,2022-03-31,Returning
1071,2022-11-07,New
1072,2022-01-25,New
1073,2022-03-25,New
1074,2022-07-03,New
1075,2022-07-27,Returning
1076,2022-06-06,New
1077,2022-05-05,Returning
1078,2022-06-12,New
1079,2022-04-23,New
1080,2022-11-30,Returning
1081,2022-08-02,Returning
1082,2022-04-01,Returning
1083,2022-07-26,New
1084,2022-01-12,Returning
1085,2022-06-21,New
1086,2022-09-10,Returning
1087,2022-02-10,New
1088,2022-07-31,New
1089,2022-06-16,Returning
1090,2022-05-12,VIP
1091,2022-02-23,New
1092,2022-10-17,VIP
1093,2022-02-17,New
1094,2022-06-06,Returning
1095,2022-08-21,Returning
1096,2022-09-01,Returning
1097,2022-01-08,Returning
1098,2022-01-21,VIP
1099,2022-06-16,Returning
1100,2022-08-28,Returning
1101,2022-01-11,VIP
1102,2022-12-27,New
1103,2022-12-15,Returning
1104,2022-07-08,Returning
1105,2022-06-01,Returning
1106,2022-12-30,Returning
1107,2022-10-25,New
1108,2022-12-01,VIP
1109,2022-10-02,Returning
1110,2022-10-27,New
1111,2022-11-17,New
1112,2022-11-15,Returning
1113,2022-08-19,New
1114,2022-11-16,Returning
1115,2022-03-25,New
1116,2022-08-07,VIP
1117,2022-11-20,Returning
1118,2022-05-09,New
1119,2022-03-20,Returning
1120,2022-08-23,New
1121,2022-12-30,New
1122,2022-05-09,New
1123,2022-04-01,Returning
1124,2022-02-11,Returning
1125,2022-04-16,VIP
1126,2022-05-29,New
1127,2022-08-29,Returning
1128,2022-10-05,New
1129,2022-12-09,VIP
1130,2022-03-08,VIP
1131,2022-06-11,New
1132,2022-09-18,New
1133,2022-11-17,New
1134,2022-09-18,Returning
1135,2022-03-31,New
1136,2022-10-15,VIP
1137,2022-12-13,Returning
1138,2022-08-16,New
1139,2022-09-01,Returning
1140,2022-04-22,VIP
1141,2022-06-13,VIP
1142,2022-07-13,New
1143,2022-01-10,New
1144,2022-02-27,New
1145,2022-11-16,Returning
1146,2022-10-03,New
1147,2022-08-01,VIP
1148,2022-12-06,New
1149,2022-03-31,Returning
1150,2022-03-27,Returning
1151,2022-09-17,New
1152,2022-02-05,New
1153,2022-06-14,Returning
1154,2022-10-12,New
1155,2022-05-20,New
1156,2022-05-01,VIP
1157,2022-04-15,New
1158,2022-01-12,New
1159,2022-02-02,VIP
1160,2022-08-04,New
1161,2022-07-28,New
1162,2022-12-24,New
1163,2022-08-02,New
1164,2022-10-29,Returning
1165,2022-11-19,Returning
1166,2022-03-10,New
1167,2022-12-25,New
1168,2022-11-15,VIP
1169,2022-05-04,New
1170,2022-06-08,New
1171,2022-07-29,New
1172,2022-03-13,VIP
1173,2022-10-07,New
1174,2022-10-18,Returning
1175,2022-06-28,New
1176,2022-11-24,New
1177,2022-04-25,New
1178,2022-01-25,New
1179,2022-03-11,Returning
1180,2022-02-14,New
1181,2022-12-06,Returning
1182,2022-07-31,VIP
1183,2022-02-06,New
1184,2022-02-28,Returning
1185,2022-05-30,New
1186,2022-05-08,New
1187,2022-09-26,New
1188,2022-09-27,Returning
1189,2022-12-08,VIP
1190,2022-02-06,New
1191,2022-09-18,Returning
1192,2022-01-04,Returning
1193,2022-12-30,New
1194,2022-03-16,New
1195,2022-06-24,New
1196,2022-12-17,VIP
1197,2022-05-04,New
1198,2022-04-20,Returning
1199,2022-04-21,New
1200,2022-04-22,Returning
1201,2022-04-29,New
1202,2022-03-27,Returning
1203,2022-08-16,VIP
1204,2022-01-17,Returning
1205,2022-07-09,New
1206,2022-09-26,New
1207,2022-01-04,New
1208,2022-09-21,Returning
1209,2022-07-25,Returning
1210,2022-04-22,New
1211,2022-03-16,New
1212,2022-09-08,New
1213,2022-12-20,Returning
1214,2022-06-05,VIP
1215,2022-05-30,New
1216,2022-04-10,VIP
1217,2022-09-28,Returning
1218,2022-03-08,New
1219,2022-03-25,New
1220,2022-02-21,New
1221,2022-04-01,VIP
1222,2022-05-01,Returning
1223,2022-06-13,VIP
1224,2022-02-23,New
1225,2022-10-11,Returning
1226,2022-05-04,Returning
1227,2022-03-18,VIP
1228,2022-03-25,Returning
1229,2022-11-15,Returning
1230,2022-09-09,Returning
1231,2022-01-26,VIP
1232,2022-03-25,New
1233,2022-11-06,New
1234,2022-07-09,New
1235,2022-03-12,New
1236,2022-02-22,Returning
1237,2022-06-26,Returning
1238,2022-11-25,Returning
1239,2022-10-13,New
1240,2022-12-24,VIP
1241,2022-11-02,New
1242,2022-12-10,New
1243,2022-04-21,Returning
1244,2022-04-21,New
1245,2022-07-24,New
1246,2022-02-14,New
1247,2022-11-09,New
1248,2022-10-23,Returning
1249,2022-05-23,New
1250,2022-06-23,VIP
1251,2022-11-18,Returning
1252,2022-02-04,Returning
1253,2022-05-20,VIP
1254,2022-05-25,VIP
1255,2022-08-18,Returning
1256,2022-05-25,Returning
1257,2022-12-06,New
1258,2022-09-14,New
1259,2022-05-15,New
1260,2022-05-28,New
1261,2022-06-24,New
1262,2022-12-13,New
1263,2022-09-06,New
1264,2022-01-07,New
1265,2022-01-22,New
1266,2022-03-08,Returning
1267,2022-12-09,New
1268,2022-12-06,New
1269,2022-10-16,New
1270,2022-03-05,Returning
1271,2022-10-19,New
1272,2022-10-11,Returning
1273,2022-09-28,New
1274,2022-04-09,New
1275,2022-06-23,Returning
1276,2022-02-21,Returning
1277,2022-12-05,New
1278,2022-12-14,Returning
1279,2022-02-27,New
1280,2022-11-23,VIP
1281,2022-04-16,New
1282,2022-05-26,New
1283,2022-10-18,New
1284,2022-09-29,New
1285,2022-04-06,Returning
1286,2022-12-25,VIP
1287,2022-01-18,New
1288,2022-12-16,New
1289,2022-11-03,New
1290,2022-05-13,New
1291,2022-11-21,New
1292,2022-01-02,New
1293,2022-07-27,Returning
1294,2022-12-07,New
1295,2022-11-02,New
1296,2022-06-18,New
1297,2022-02-18,New
1298,2022-09-30,Returning
1299,2022-08-09,New
1300,2022-06-08,Returning
1301,2022-05-09,Returning
1302,2022-04-13,VIP
1303,2022-09-05,Returning
1304,2022-08-19,VIP
1305,2022-02-17,New
1306,2022-02-05,VIP
1307,2022-08-02,Returning
1308,2022-01-03,New
1309,2022-10-30,New
1310,2022-03-07,New
1311,2022-02-04,New
1312,2022-06-09,New
1313,2022-04-24,Returning
1314,2022-12-11,Returning
1315,2022-02-28,Returning
1316,2022-04-27,Returning
1317,2022-06-04,Returning
1318,2022-06-03,Returning
1319,2022-11-04,Returning
1320,2022-02-26,New
1321,2022-06-22,New
1322,2022-05-25,Returning
1323,2022-10-31,New
1324,2022-05-17,New
1325,2022-10-07,New
1326,2022-03-29,Returning
1327,2022-12-22,VIP
1328,2022-11-17,Returning
1329,2022-10-16,Returning
1330,2022-08-08,New
1331,2022-02-18,New
1332,2022-12-30,Returning
1333,2022-06-13,New
1334,2022-12-19,New
1335,2022-08-16,VIP
1336,2022-09-15,New
1337,2022-11-03,Returning
1338,2022-07-11,New
1339,2022-08-30,VIP
1340,2022-09-28,New
1341,2022-05-23,Returning
1342,2022-10-04,Returning
1343,2022-01-12,Returning
1344,2022-10-02,New
1345,2022-01-06,New
1346,2022-11-04,New
1347,2022-01-20,New
1348,2022-12-10,New
1349,2022-12-30,New
1350,2022-11-27,Returning
1351,2022-04-18,VIP
1352,2022-10-09,Returning
1353,2022-09-23,New
1354,2022-05-01,New
1355,2022-12-22,VIP
1356,2022-06-18,VIP
1357,2022-08-08,New
1358,2022-11-04,Returning
1359,2022-02-03,Returning
1360,2022-08-23,New
1361,2022-09-17,Returning
1362,2022-04-23,New
1363,2022-02-23,New
1364,2022-10-10,Returning
1365,2022-11-16,Returning
1366,2022-01-16,New
1367,2022-07-29,New
1368,2022-06-20,VIP
1369,2022-07-19,New
1370,2022-03-05,New
1371,2022-07-29,Returning
1372,2022-03-31,New
1373,2022-06-25,Returning
1374,2022-12-03,VIP
1375,2022-06-30,New
1376,2022-02-23,Returning
1377,2022-06-22,New
1378,2022-08-11,New
1379,2022-12-23,New
1380,2022-04-21,Returning
1381,2022-08-11,Returning
1382,2022-09-05,New
1383,2022-08-20,New
1384,2022-08-02,New
1385,2022-09-01,New
1386,2022-09-17,New
1387,2022-07-17,VIP
1388,2022-12-15,New
1389,2022-10-11,New
1390,2022-07-26,New
1391,2022-02-13,New
1392,2022-07-29,New
1393,2022-06-13,Returning
1394,2022-02-09,New
1395,2022-03-13,New
1396,2022-04-17,New
1397,2022-05-20,Returning
1398,2022-05-29,New
1399,2022-10-24,New
1400,2022-11-13,VIP
1401,2022-12-12,Returning
1402,2022-11-28,New
1403,2022-05-22,Returning
1404,2022-05-24,New
1405,2022-12-19,New
1406,2022-03-02,New
1407,2022-07-24,New
1408,2022-06-19,Returning
1409,2022-12-06,New
1410,2022-02-22,New
1411,2022-12-03,VIP
1412,2022-10-16,Returning
1413,2022-07-16,New
1414,2022-07-04,New
1415,2022-06-21,VIP
1416,2022-01-25,New
1417,2022-12-20,Returning
1418,2022-04-30,Returning
1419,2022-07-29,New
1420,2022-03-11,New
1421,2022-05-03,New
1422,2022-03-11,New
1423,2022-02-20,VIP
1424,2022-03-23,Returning
1425,2022-11-14,Returning
1426,2022-06-19,VIP
1427,2022-03-25,New
1428,2022-03-25,New
1429,2022-01-28,VIP
1430,2022-08-03,Returning
1431,2022-12-29,New
1432,2022-04-11,New
1433,2022-09-22,VIP
1434,2022-05-07,New
1435,2022-12-15,New
1436,2022-08-25,New
1437,2022-05-15,Returning
1438,2022-11-16,Returning
1439,2022-09-08,New
1440,2022-11-10,New
1441,2022-02-10,New
1442,2022-03-25,New
1443,2022-05-13,New
1444,2022-06-26,New
1445,2022-01-10,Returning
1446,2022-09-29,New
1447,2022-04-19,New
1448,2022-12-01,Returning
1449,2022-05-20,Returning
1450,2022-10-22,Returning
1451,2022-12-29,Returning
1452,2022-02-04,New
1453,2022-09-22,New
1454,2022-01-05,New
1455,2022-04-28,New
1456,2022-05-02,New
1457,2022-05-01,VIP
1458,2022-01-04,Returning
1459,2022-10-11,Returning
1460,2022-01-06,Returning
1461,2022-09-06,VIP
1462,2022-11-28,Returning
1463,2022-01-30,New
1464,2022-11-27,New
1465,2022-07-12,Returning
1466,2022-03-03,Returning
1467,2022-09-23,Returning
1468,2022-04-14,VIP
1469,2022-05-12,Returning
1470,2022-04-24,VIP
1471,2022-11-07,New
1472,2022-04-20,Returning
1473,2022-03-01,New
1474,2022-11-11,Returning
1475,2022-01-16,New
1476,2022-01-19,New
1477,2022-09-07,Returning
1478,2022-01-18,New
1479,2022-01-24,Returning
1480,2022-11-20,New
1481,2022-04-05,Returning
1482,2022-01-15,New
1483,2022-03-07,Returning
1484,2022-11-14,VIP
1485,2022-08-06,New
1486,2022-06-10,New
1487,2022-08-19,VIP
1488,2022-08-14,New
1489,2022-11-27,New
1490,2022-12-30,New
1491,2022-09-12,New
1492,2022-07-31,New
1493,2022-06-04,New
1494,2022-01-18,Returning
1495,2022-11-30,Returning
1496,2022-08-28,New
1497,2022-02-18,VIP
1498,2022-03-06,Returning
1499,2022-11-22,New
1500,2022-04-30,New
1501,2022-11-30,VIP
1502,2022-01-21,New
1503,2022-09-29,New
1504,2022-05-25,New
1505,2022-07-14,VIP
1506,2022-06-29,New
1507,2022-10-15,Returning
1508,2022-08-24,New
1509,2022-09-20,Returning
1510,2022-05-22,New
1511,2022-07-31,New
1512,2022-05-31,New
1513,2022-06-20,Returning
1514,2022-05-03,New
1515,2022-01-10,New
1516,2022-06-21,New
1517,2022-06-16,New
1518,2022-05-22,Returning
1519,2022-06-16,VIP
1520,2022-08-04,VIP
1521,2022-10-04,Returning
1522,2022-06-20,VIP
1523,2022-10-04,Returning
1524,2022-05-06,Returning
1525,2022-02-12,VIP
1526,2022-03-15,Returning
1527,2022-03-20,New
1528,2022-10-16,Returning
1529,2022-12-20,New
1530,2022-10-19,Returning
1531,2022-06-07,Returning
1532,2022-11-17,VIP
1533,2022-11-26,Returning
1534,2022-01-02,Returning
1535,2022-08-25,New
1536,2022-12-09,VIP
1537,2022-06-29,New
1538,2022-04-22,Returning
1539,2022-07-18,VIP
1540,2022-11-15,New
1541,2022-06-28,New
1542,2022-12-07,New
1543,2022-04-10,New
1544,2022-01-24,New
1545,2022-12-17,New
1546,2022-06-07,VIP
1547,2022-03-04,New
1548,2022-05-13,New
1549,2022-11-08,New
1550,2022-12-08,Returning
1551,2022-07-19,New
1552,2022-12-15,Returning
1553,2022-03-02,Returning
1554,2022-06-27,New
1555,2022-09-08,New
1556,2022-03-26,Returning
1557,2022-10-15,Returning
1558,2022-06-28,VIP
1559,2022-07-01,New
1560,2022-11-25,New
1561,2022-03-15,New
1562,2022-04-22,VIP
1563,2022-10-21,Returning
1564,2022-07-28,New
1565,2022-09-11,New
1566,2022-01-24,New
1567,2022-05-03,New
1568,2022-01-22,Returning
1569,2022-03-28,New
1570,2022-03-19,Returning
1571,2022-09-10,New
1572,2022-02-26,Returning
1573,2022-09-01,VIP
1574,2022-03-06,VIP
1575,2022-04-17,New
1576,2022-06-30,VIP
1577,2022-10-31,Returning
1578,2022-05-27,Returning
1579,2022-05-19,New
1580,2022-04-26,VIP
1581,2022-12-08,Returning
1582,2022-10-02,Returning
1583,2022-06-11,New
1584,2022-02-24,New
1585,2022-10-09,New
1586,2022-02-08,Returning
1587,2022-01-11,VIP
1588,2022-11-30,Returning
1589,2022-04-12,Returning
1590,2022-08-09,Returning
1591,2022-11-12,VIP
1592,2022-10-12,New
1593,2022-08-23,New
1594,2022-12-26,New
1595,2022-04-23,New
1596,2022-07-20,New
1597,2022-08-28,New
1598,2022-02-19,New
1599,2022-01-14,New
1600,2022-07-18,New
1601,2022-09-10,Returning
1602,2022-05-26,New
1603,2022-08-06,Returning
1604,2022-02-10,Returning
1605,2022-09-18,Returning
1606,2022-11-16,Returning
1607,2022-12-27,New
1608,2022-10-31,VIP
1609,2022-11-28,New
1610,2022-02-03,New
1611,2022-04-28,Returning
1612,2022-06-03,VIP
1613,2022-01-22,New
1614,2022-05-21,Returning
1615,2022-04-19,VIP
1616,2022-11-05,New
1617,2022-09-19,Returning
1618,2022-05-21,VIP
1619,2022-03-02,VIP
1620,2022-09-21,New
1621,2022-07-20,New
1622,2022-09-21,New
1623,2022-09-18,New
1624,2022-06-06,Returning
1625,2022-01-31,New
1626,2022-01-10,Returning
1627,2022-06-09,Returning
1628,2022-12-24,VIP
1629,2022-09-23,Returning
1630,2022-05-07,New
1631,2022-01-29,New
1632,2022-11-09,Returning
1633,2022-03-05,Returning
1634,2022-02-14,New
1635,2022-11-30,VIP
1636,2022-02-05,VIP
1637,2022-05-29,New
1638,2022-02-27,New
1639,2022-05-01,New
1640,2022-04-29,VIP
1641,2022-02-16,New
1642,2022-03-29,New
1643,2022-08-05,Returning
1644,2022-08-15,VIP
1645,2022-01-13,New
1646,2022-09-27,New
1647,2022-08-17,Returning
1648,2022-11-10,Returning
1649,2022-08-31,New
1650,2022-06-02,Returning
1651,2022-10-23,VIP
1652,2022-07-30,VIP
1653,2022-05-24,New
1654,2022-08-14,Returning
1655,2022-04-01,Returning
1656,2022-06-27,Returning
1657,2022-09-05,New
1658,2022-04-12,Returning
1659,2022-06-13,Returning
1660,2022-07-21,Returning
1661,2022-11-04,Returning
1662,2022-01-06,New
1663,2022-10-30,New
1664,2022-08-14,New
1665,2022-06-02,New
1666,2022-01-26,Returning
1667,2022-09-13,Returning
1668,2022-11-21,Returning
1669,2022-04-19,Returning
1670,2022-01-19,New
1671,2022-07-21,Returning
1672,2022-01-02,Returning
1673,2022-09-06,New
1674,2022-02-14,Returning
1675,2023-01-01,Returning
1676,2022-04-28,New
1677,2022-02-12,New
1678,2022-09-21,VIP
1679,2022-02-26,New
1680,2022-05-28,Returning
1681,2022-09-07,New
1682,2022-12-17,New
1683,2022-05-05,New
1684,2022-08-17,VIP
1685,2022-06-17,New
1686,2022-10-21,VIP
1687,2022-12-25,New
1688,2022-11-27,New
1689,2022-05-13,New
1690,2022-11-16,New
1691,2022-09-15,New
1692,2022-05-30,Returning
1693,2022-09-24,New
1694,2022-07-13,VIP
1695,2022-08-04,New
1696,2022-03-24,New
1697,2022-08-07,Returning
1698,2022-09-20,Returning
1699,2022-01-07,New
1700,2022-10-30,Returning
1701,2022-05-13,VIP
1702,2022-05-19,Returning
1703,2022-08-27,VIP
1704,2022-04-05,New
1705,2022-04-01,New
1706,2022-07-12,New
1707,2022-09-06,New
1708,2022-11-21,VIP
1709,2022-02-18,Returning
1710,2022-01-07,Returning
1711,2022-09-21,New
1712,2022-09-07,New
1713,2022-05-11,New
1714,2022-03-23,New
1715,2022-02-27,New
1716,2022-03-27,New
1717,2022-04-28,Returning
1718,2022-05-19,VIP
1719,2022-12-27,VIP
1720,2022-07-07,Returning
1721,2022-04-18,New
1722,2022-09-13,Returning
1723,2022-10-03,Returning
1724,2022-08-04,New
1725,2022-06-17,VIP
1726,2022-12-28,New
1727,2022-04-02,Returning
1728,2022-04-18,Returning
1729,2022-10-11,New
1730,2022-10-03,Returning
1731,2022-10-30,Returning
1732,2022-08-04,New
1733,2022-01-16,New
1734,2022-08-12,Returning
1735,2022-01-29,Returning
1736,2022-10-27,Returning
1737,2022-10-06,New
1738,2022-06-30,New
1739,2022-11-07,New
1740,2022-11-21,VIP
1741,2022-05-02,Returning
1742,2022-08-30,Returning
1743,2022-04-21,New
1744,2022-10-11,Returning
1745,2022-09-14,VIP
1746,2022-02-10,VIP
1747,2022-06-04,New
1748,2022-11-18,New
1749,2022-08-01,Returning
1750,2022-11-26,Returning
1751,2022-12-08,New
1752,2022-06-10,New
1753,2022-11-22,VIP
1754,2022-10-15,Returning
1755,2022-12-06,New
1756,2022-11-22,New
1757,2022-07-22,Returning
1758,2022-11-02,New
1759,2022-09-09,Returning
1760,2022-07-27,New
1761,2022-10-23,New
1762,2022-11-13,Returning
1763,2022-11-09,Returning
1764,2022-01-23,New
1765,2022-08-27,New
1766,2022-07-19,Returning
1767,2022-04-02,Returning
1768,2022-03-20,New
1769,2022-04-23,New
1770,2022-02-10,Returning
1771,2022-06-21,New
1772,2022-11-02,VIP
1773,2022-05-23,Returning
1774,2022-07-20,New
1775,2022-03-05,New
1776,2022-10-05,Returning
1777,2022-04-29,New
1778,2022-12-29,Returning
1779,2022-08-15,Returning
1780,2022-08-28,New
1781,2022-11-28,Returning
1782,2022-03-08,New
1783,2022-03-06,VIP
1784,2022-10-02,Returning
1785,2022-04-17,Returning
1786,2022-02-06,VIP
1787,2022-06-04,VIP
1788,2022-08-20,New
1789,2022-04-27,New
1790,2022-08-10,VIP
1791,2022-06-07,New
1792,2022-05-05,New
1793,2022-09-17,Returning
1794,2022-05-05,Returning
1795,2022-06-30,Returning
1796,2022-05-30,VIP
1797,2022-09-18,VIP
1798,2022-04-04,New
1799,2022-11-08,VIP
1800,2022-07-10,Returning
1801,2022-06-21,New
1802,2022-12-30,New
1803,2022-03-16,New
1804,2022-06-13,VIP
1805,2022-12-04,VIP
1806,2022-02-26,New
1807,2022-04-17,New
1808,2022-02-02,New
1809,2022-04-28,New
1810,2022-07-02,New
1811,2022-03-19,New
1812,2022-08-24,VIP
1813,2022-07-27,VIP
1814,2022-08-25,New
1815,2022-09-04,New
1816,2022-01-22,New
1817,2022-07-01,Returning
1818,2022-06-30,New
1819,2022-08-16,Returning
1820,2022-09-04,New
1821,2022-10-09,New
1822,2022-01-20,New
1823,2022-04-09,VIP
1824,2022-07-10,New
1825,2022-05-28,New
1826,2022-03-01,Returning
1827,2022-08-19,Returning
1828,2022-09-21,New
1829,2022-07-11,VIP
1830,2022-07-18,New
1831,2022-03-04,VIP
1832,2022-02-09,Returning
1833,2022-02-22,New
1834,2022-04-23,New
1835,2022-06-23,Returning
1836,2022-10-30,VIP
1837,2022-01-27,Returning
1838,2022-02-24,VIP
1839,2022-06-23,Returning
1840,2022-04-01,New
1841,2022-02-07,New
1842,2022-09-12,Returning
1843,2022-06-06,New
1844,2022-01-16,New
1845,2022-10-12,New
1846,2022-11-08,Returning
1847,2022-01-20,VIP
1848,2022-02-16,Returning
1849,2022-12-17,New
1850,2022-06-04,New
1851,2022-05-11,Returning
1852,2022-04-15,VIP
1853,2022-05-22,New
1854,2022-06-10,New
1855,2022-05-25,Returning
1856,2022-05-20,New
1857,2022-11-29,New
1858,2022-10-30,Returning
1859,2022-09-19,New
1860,2022-01-28,New
1861,2022-07-15,Returning
1862,2022-05-23,New
1863,2022-01-13,VIP
1864,2022-11-26,New
1865,2022-10-23,Returning
1866,2022-09-21,VIP
1867,2022-01-31,New
1868,2022-04-14,Returning
1869,2022-11-15,New
1870,2022-12-07,New
1871,2022-10-31,New
1872,2022-02-01,Returning
1873,2022-08-01,Returning
1874,2022-02-18,VIP
1875,2022-02-26,New
1876,2022-01-14,Returning
1877,2022-06-18,Returning
1878,2022-09-24,New
1879,2022-06-28,New
1880,2022-02-09,New
1881,2022-01-20,Returning
1882,2022-08-09,New
1883,2022-07-08,New
1884,2022-03-16,Returning
1885,2022-08-10,New
1886,2022-10-06,New
1887,2022-09-22,Returning
1888,2022-07-10,VIP
1889,2022-10-06,New
1890,2022-03-28,Returning
1891,2022-05-03,New
1892,2022-01-26,Returning
1893,2022-04-04,New
1894,2022-07-20,New
1895,2022-10-27,New
1896,2022-10-08,New
1897,2022-02-12,VIP
1898,2022-05-15,VIP
1899,2022-11-23,Returning
1900,2022-07-03,New
1901,2022-03-28,New
1902,2022-03-14,VIP
1903,2022-03-01,Returning
1904,2022-02-03,VIP
1905,2022-07-09,New
1906,2022-05-03,Returning
1907,2022-12-06,New
1908,2022-05-05,VIP
1909,2022-06-28,VIP
1910,2022-10-16,Returning
1911,2022-10-01,Returning
1912,2022-04-18,VIP
1913,2022-10-11,New
1914,2022-08-29,VIP
1915,2022-08-17,New
1916,2022-03-30,New
1917,2022-10-23,Returning
1918,2022-12-04,Returning
1919,2022-10-27,New
1920,2022-04-16,Returning
1921,2022-12-14,Returning
1922,2022-06-13,New
1923,2022-07-01,New
1924,2022-08-18,Returning
1925,2022-08-28,VIP
1926,2022-06-19,Returning
1927,2022-12-10,New
1928,2022-09-06,New
1929,2022-08-02,VIP
1930,2022-11-11,New
1931,2022-06-24,VIP
1932,2022-09-11,New
1933,2022-12-09,New
1934,2022-11-16,VIP
1935,2022-09-04,Returning
1936,2022-05-05,VIP
1937,2022-03-15,VIP
1938,2022-07-08,New
1939,2022-12-15,New
1940,2022-05-25,New
1941,2022-02-05,New
1942,2022-12-14,New
1943,2022-08-28,New
1944,2022-12-26,New
1945,2022-06-05,New
1946,2022-11-24,New
1947,2022-01-23,Returning
1948,2022-08-06,Returning
1949,2022-05-20,New
1950,2022-09-04,New
1951,2022-09-01,New
1952,2022-12-28,VIP
1953,2022-02-19,New
1954,2022-09-25,Returning
1955,2022-10-03,New
1956,2022-08-23,New
1957,2022-10-26,New
1958,2022-09-10,New
1959,2022-09-21,VIP
1960,2022-01-11,Returning
1961,2022-02-16,New
1962,2022-09-20,New
1963,2022-03-01,VIP
1964,2022-12-19,New
1965,2022-06-08,New
1966,2022-02-20,Returning
1967,2022-10-14,Returning
1968,2022-11-04,Returning
1969,2022-03-18,VIP
1970,2022-05-08,New
1971,2022-01-11,VIP
1972,2022-11-05,New
1973,2022-11-08,VIP
1974,2022-12-12,Returning
1975,2022-09-05,Returning
1976,2022-12-15,New
1977,2022-05-22,VIP
1978,2022-12-01,New
1979,2022-07-20,New
1980,2022-06-27,New
1981,2022-12-01,New
1982,2022-04-24,Returning
1983,2022-01-05,VIP
1984,2022-08-12,Returning
1985,2022-06-27,New
1986,2022-08-18,Returning
1987,2022-01-09,Returning
1988,2022-02-25,VIP
1989,2022-01-13,New
1990,2022-08-13,Returning
1991,2022-09-08,New
1992,2022-12-27,Returning
1993,2022-12-04,VIP
1994,2022-01-17,VIP
1995,2022-06-02,VIP
1996,2022-07-23,New
1997,2022-11-05,Returning
1998,2022-01-24,New
1999,2022-12-18,VIP
2000,2022-05-10,New
2001,2022-05-28,New
2002,2022-04-10,Returning
2003,2022-04-05,New
2004,2022-04-30,New
2005,2022-06-13,VIP
2006,2022-07-27,VIP
2007,2022-03-15,Returning
2008,2022-11-14,New
2009,2022-09-20,New
2010,2022-03-22,New
2011,2022-02-11,New
2012,2022-05-05,Returning
2013,2022-12-14,Returning
2014,2022-03-04,Returning
2015,2022-01-13,Returning
2016,2022-07-17,Returning
2017,2022-08-12,Returning
2018,2022-08-26,New
2019,2022-05-25,New
2020,2022-11-01,New
2021,2022-11-13,Returning
2022,2022-01-05,New
2023,2022-07-03,Returning
2024,2022-06-28,Returning
2025,2022-09-13,Returning
2026,2022-12-16,Returning
2027,2022-12-09,Returning
2028,2022-12-11,New
2029,2022-04-20,Returning
2030,2022-03-23,VIP
2031,2022-01-19,Returning
2032,2022-01-09,Returning
2033,2022-11-07,New
2034,2022-12-27,Returning
2035,2022-04-27,Returning
2036,2022-09-17,VIP
2037,2022-01-30,Returning
2038,2022-07-08,VIP
2039,2022-07-26,VIP
2040,2022-08-01,New
2041,2022-09-11,New
2042,2022-06-10,Returning
2043,2022-10-26,New
2044,2022-01-10,VIP
2045,2022-03-13,New
2046,2022-02-24,New
2047,2022-01-21,New
2048,2022-04-27,New
2049,2022-02-06,New
2050,2022-04-07,New
2051,2022-07-12,New
2052,2022-12-25,New
2053,2022-06-27,New
2054,2022-06-19,Returning
2055,2022-04-08,New
2056,2022-02-18,New
2057,2022-05-17,New
2058,2022-12-01,VIP
2059,2022-11-29,New
2060,2022-02-18,Returning
2061,2022-02-14,New
2062,2022-08-08,VIP
2063,2022-12-08,New
2064,2022-11-23,New
2065,2022-11-21,New
2066,2022-02-02,New
2067,2022-08-06,VIP
2068,2022-07-16,VIP
2069,2022-03-09,New
2070,2022-10-05,New
2071,2022-06-21,Returning
2072,2022-06-04,VIP
2073,2022-08-03,VIP
2074,2022-11-19,VIP
2075,2022-07-31,Returning
2076,2022-11-22,New
2077,2022-09-08,New
2078,2022-08-08,New
2079,2022-10-24,Returning
2080,2022-01-02,Returning
2081,2022-04-25,New
2082,2022-01-27,Returning
2083,2022-01-26,Returning
2084,2022-09-19,New
2085,2022-11-10,New
2086,2022-01-05,Returning
2087,2022-06-29,New
2088,2022-04-29,Returning
2089,2022-02-19,VIP
2090,2022-08-30,VIP
2091,2022-05-30,Returning
2092,2022-09-14,New
2093,2022-10-15,Returning
2094,2022-12-20,Returning
2095,2022-10-07,VIP
2096,2022-10-02,Returning
2097,2022-04-04,Returning
2098,2022-06-27,VIP
2099,2022-03-25,Returning
2100,2022-09-19,Returning
2101,2022-10-16,New
2102,2022-06-05,New
2103,2022-09-25,New
2104,2022-04-01,New
2105,2022-08-15,New
2106,2022-09-21,VIP
2107,2022-04-02,New
2108,2022-10-25,New
2109,2022-04-12,Returning
2110,2022-08-12,Returning
2111,2022-12-01,New
2112,2022-05-17,New
2113,2022-05-24,New
2114,2022-11-26,New
2115,2022-07-18,New
2116,2022-07-17,New
2117,2022-04-15,Returning
2118,2022-10-22,New
2119,2022-06-11,Returning
2120,2022-01-04,VIP
2121,2022-12-27,Returning
2122,2022-04-15,New
2123,2022-08-27,VIP
2124,2022-07-08,New
2125,2022-09-21,Returning
2126,2022-07-18,New
2127,2022-07-05,Returning
2128,2022-01-31,VIP
2129,2022-02-17,New
2130,2022-01-27,VIP
2131,2022-01-13,New
2132,2022-08-10,Returning
2133,2022-03-22,New
2134,2022-02-11,Returning
2135,2022-11-20,New
2136,2022-04-11,VIP
2137,2022-06-05,Returning
2138,2022-10-21,Returning
2139,2022-05-16,Returning
2140,2022-04-25,New
2141,2022-05-08,New
2142,2022-12-30,New
2143,2022-01-29,Returning
2144,2022-08-26,New
2145,2022-03-15,New
2146,2022-11-06,Returning
2147,2022-05-27,VIP
2148,2022-12-11,New
2149,2022-06-12,VIP
2150,2022-05-10,Returning
2151,2022-08-13,New
2152,2022-04-14,New
2153,2022-07-12,VIP
2154,2022-12-12,New
2155,2022-12-18,New
2156,2022-12-14,New
2157,2022-08-31,New
2158,2022-01-28,New
2159,2022-09-03,New
2160,2022-03-10,Returning
2161,2022-05-11,Returning
2162,2022-04-20,VIP
2163,2022-05-07,VIP
2164,2022-10-20,VIP
2165,2022-02-17,New
2166,2022-08-02,Returning
2167,2022-01-25,Returning
2168,2022-12-27,New
2169,2022-11-20,New
2170,2022-11-14,New
2171,2022-04-11,New
2172,2022-11-23,New
2173,2022-07-28,New
2174,2022-06-28,New
2175,2022-06-28,New
2176,2022-09-16,New
2177,2022-02-14,Returning
2178,2022-07-20,New
2179,2022-10-29,New
2180,2022-06-12,VIP
2181,2022-11-21,New
2182,2022-05-02,VIP
2183,2022-10-30,Returning
2184,2022-02-11,New
2185,2022-12-04,New
2186,2022-09-10,VIP
2187,2022-10-15,New
2188,2022-06-08,New
2189,2022-08-07,Returning
2190,2022-07-20,New
2191,2022-07-22,New
2192,2022-05-23,Returning
2193,2022-09-28,New
2194,2022-09-06,Returning
2195,2022-09-29,Returning
2196,2022-11-10,New
2197,2022-05-19,VIP
2198,2022-01-26,New
2199,2022-02-04,Returning
2200,2022-01-14,Returning
2201,2022-11-22,New
2202,2022-04-15,VIP
2203,2022-12-05,New
2204,2022-03-10,New
2205,2022-02-27,VIP
2206,2022-07-11,New
2207,2022-01-06,New
2208,2022-07-16,Returning
2209,2022-06-18,New
2210,2022-08-31,New
2211,2022-03-09,New
2212,2022-06-10,Returning
2213,2022-07-03,Returning
2214,2022-07-30,New
2215,2022-04-02,VIP
2216,2022-12-06,Returning
2217,2022-05-16,New
2218,2022-12-06,VIP
2219,2022-10-14,Returning
2220,2022-12-20,Returning
2221,2022-06-26,Returning
2222,2022-01-22,VIP
2223,2022-10-16,New
2224,2022-11-21,New
2225,2022-06-23,Returning
2226,2022-12-25,New
2227,2022-08-27,Returning
2228,2022-07-23,VIP
2229,2022-12-04,Returning
2230,2022-02-12,New
2231,2022-08-14,Returning
2232,2022-06-01,New
2233,2022-11-21,New
2234,2022-01-13,New
2235,2022-10-27,Returning
2236,2022-07-15,New
2237,2022-11-30,Returning
2238,2022-11-05,Returning
2239,2022-11-13,VIP
2240,2022-08-14,New
2241,2022-11-30,VIP
2242,2022-07-15,New
2243,2022-06-09,VIP
2244,2022-10-24,Returning
2245,2022-03-27,Returning
2246,2022-12-05,New
2247,2022-06-06,New
2248,2022-03-12,New
2249,2022-05-22,New
2250,2022-12-31,Returning
2251,2022-12-05,New
2252,2022-12-16,New
2253,2022-11-15,VIP
2254,2022-06-23,VIP
2255,2022-01-16,New
2256,2022-08-20,Returning
2257,2022-03-20,VIP
2258,2022-09-25,VIP
2259,2022-01-11,New
2260,2022-08-15,Returning
2261,2022-10-22,Returning
2262,2022-10-24,Returning
2263,2022-11-21,New
2264,2022-12-03,Returning
2265,2022-01-28,Returning
2266,2022-04-13,Returning
2267,2022-11-09,New
2268,2022-05-27,Returning
2269,2022-07-16,New
2270,2022-12-06,Returning
2271,2022-01-06,New
2272,2022-10-07,New
2273,2022-06-06,VIP
2274,2022-08-23,Returning
2275,2022-07-08,New
2276,2022-01-05,New
2277,2022-03-28,New
2278,2022-10-06,VIP
2279,2022-04-20,New
2280,2022-07-16,New
2281,2022-10-07,Returning
2282,2022-06-12,Returning
2283,2022-10-08,New
2284,2022-03-11,Returning
2285,2022-09-16,New
2286,2022-11-27,Returning
2287,2022-02-21,New
2288,2022-11-01,Returning
2289,2022-04-18,New
2290,2022-02-18,New
2291,2022-04-11,New
2292,2022-01-20,VIP
2293,2022-09-25,New
2294,2022-08-18,VIP
2295,2022-05-15,New
2296,2022-11-20,New
2297,2022-01-06,Returning
2298,2022-05-06,Returning
2299,2022-04-28,New
2300,2022-06-02,New
2301,2022-07-01,Returning
2302,2022-10-23,Returning
2303,2022-11-24,Returning
2304,2022-10-01,VIP
2305,2022-12-22,New
2306,2022-05-19,New
2307,2022-10-28,New
2308,2022-01-30,Returning
2309,2022-11-23,New
2310,2022-09-07,VIP
2311,2022-02-22,VIP
2312,2022-05-20,Returning
2313,2022-08-03,New
2314,2022-04-09,New
2315,2022-08-08,Returning
2316,2022-11-05,VIP
2317,2022-01-09,New
2318,2022-02-17,Returning
2319,2022-04-07,Returning
2320,2022-09-21,New
2321,2022-06-30,New
2322,2022-11-30,New
2323,2022-12-19,New
2324,2022-01-21,Returning
2325,2022-08-02,Returning
2326,2022-10-14,Returning
2327,2022-03-20,Returning
2328,2022-06-24,New
2329,2022-05-05,New
2330,2022-11-23,New
2331,2022-07-23,New
2332,2022-08-06,New
2333,2022-09-16,Returning
2334,2022-10-28,New
2335,2022-02-17,Returning
2336,2022-04-06,New
2337,2022-06-10,Returning
2338,2022-09-24,Returning
2339,2022-05-15,Returning
2340,2022-08-05,VIP
2341,2023-01-01,New
2342,2022-05-19,New
2343,2022-05-03,New
2344,2022-01-15,Returning
2345,2022-03-06,New
2346,2022-12-04,VIP
2347,2022-09-08,Returning
2348,2022-12-17,New
2349,2022-12-08,New
2350,2022-07-16,Returning
2351,2022-10-17,Returning
2352,2022-12-10,Returning
2353,2022-05-18,VIP
2354,2022-01-30,VIP
2355,2022-03-06,Returning
2356,2022-12-13,Returning
2357,2022-09-15,New
2358,2022-12-19,New
2359,2022-08-01,Returning
2360,2022-01-25,Returning
2361,2022-10-23,VIP
2362,2022-04-10,Returning
2363,2022-07-05,New
2364,2022-06-26,New
2365,2022-03-03,New
2366,2022-09-10,VIP
2367,2022-09-05,Returning
2368,2022-04-07,Returning
2369,2022-11-11,VIP
2370,2022-11-23,New
2371,2022-08-05,New
2372,2022-08-11,Returning
2373,2022-09-13,New
2374,2022-10-01,New
2375,2022-02-14,Returning
2376,2022-08-05,Returning
2377,2022-09-11,New
2378,2022-03-20,New
2379,2022-02-27,VIP
2380,2022-04-21,Returning
2381,2022-01-15,Returning
2382,2022-11-18,Returning
2383,2022-07-22,Returning
2384,2022-03-11,New
2385,2022-01-11,Returning
2386,2022-10-21,Returning
2387,2022-04-05,New
2388,2022-10-16,Returning
2389,2022-08-09,New
2390,2022-04-02,VIP
2391,2022-03-26,New
2392,2022-12-12,Returning
2393,2022-09-30,Returning
2394,2022-01-15,Returning
2395,2022-06-08,New
2396,2022-06-04,VIP
2397,2022-09-30,New
2398,2022-07-21,Returning
2399,2022-09-25,New
2400,2022-11-12,New
2401,2022-09-20,VIP
2402,2022-06-12,New
2403,2022-06-24,New
2404,2022-06-24,New
2405,2022-08-29,New
2406,2022-07-26,Returning
2407,2022-02-17,VIP
2408,2022-01-31,Returning
2409,2022-02-08,VIP
2410,2022-10-08,Returning
2411,2022-05-15,VIP
2412,2022-03-27,New
2413,2022-09-04,VIP
2414,2022-07-11,Returning
2415,2022-02-23,VIP
2416,2022-04-20,New
2417,2022-04-11,New
2418,2022-12-03,New
2419,2022-12-13,New
2420,2022-04-25,New
2421,2022-06-06,Returning
2422,2022-10-31,New
2423,2022-12-31,New
2424,2022-10-08,Returning
2425,2022-05-19,New
2426,2022-08-22,VIP
2427,2022-05-09,New
2428,2022-11-07,New
2429,2022-05-10,New
2430,2022-11-22,New
2431,2022-02-09,New
2432,2022-09-30,Returning
2433,2022-12-31,New
2434,2022-03-15,New
2435,2022-09-06,New
2436,2022-08-05,New
2437,2022-11-10,New
2438,2022-10-19,Returning
2439,2022-08-09,New
2440,2022-09-17,Returning
2441,2022-07-01,New
2442,2022-09-26,New
2443,2022-07-26,Returning
2444,2022-12-22,New
2445,2022-07-02,New
2446,2022-05-27,Returning
2447,2022-02-08,VIP
2448,2022-04-15,Returning
2449,2022-12-04,New
2450,2022-08-21,Returning
2451,2022-03-30,New
2452,2022-04-14,New
2453,2022-12-13,Returning
2454,2022-12-22,VIP
2455,2022-07-05,Returning
2456,2022-07-22,Returning
2457,2022-11-12,Returning
2458,2022-09-27,Returning
2459,2022-08-27,VIP
2460,2022-03-20,Returning
2461,2022-09-29,Returning
2462,2022-03-13,Returning
2463,2022-03-01,Returning
2464,2022-10-03,VIP
2465,2022-02-24,Returning
2466,2022-12-03,Returning
2467,2022-08-15,Returning
2468,2022-11-26,VIP
2469,2022-09-06,New
2470,2022-09-20,New
2471,2022-03-30,Returning
2472,2022-03-04,New
2473,2022-09-02,Returning
2474,2022-08-31,New
2475,2022-01-14,Returning
2476,2022-11-03,VIP
2477,2022-07-13,VIP
2478,2022-05-30,New
2479,2022-05-06,VIP
2480,2022-11-06,Returning
2481,2022-09-08,New
2482,2022-11-08,New
2483,2022-03-31,Returning
2484,2022-04-11,New
2485,2022-03-08,VIP
2486,2022-07-29,VIP
2487,2022-12-26,Returning
2488,2022-02-07,Returning
2489,2022-11-24,New
2490,2022-10-12,New
2491,2022-12-21,Returning
2492,2022-08-10,New
2493,2022-04-23,New
2494,2022-01-27,Returning
2495,2022-06-15,Returning
2496,2022-12-01,New
2497,2022-02-13,New
2498,2022-11-27,Returning
2499,2022-10-19,VIP
2500,2022-10-13,VIP
2501,2022-02-12,Returning
2502,2022-08-05,New
2503,2022-02-28,VIP
2504,2022-06-12,Returning
2505,2022-07-11,New
2506,2022-03-20,VIP
2507,2022-10-17,Returning
2508,2022-09-24,New
2509,2022-02-03,Returning
2510,2022-05-26,New
2511,2022-08-16,Returning
2512,2022-05-17,Returning
2513,2022-04-03,New
2514,2022-04-17,New
2515,2022-07-01,New
2516,2022-05-19,New
2517,2022-10-07,New
2518,2022-07-10,New
2519,2022-02-13,New
2520,2022-02-02,New
2521,2022-12-25,New
2522,2022-10-01,Returning
2523,2022-09-28,Returning
2524,2022-09-04,New
2525,2022-09-13,Returning
2526,2022-09-21,New
2527,2022-07-13,Returning
2528,2022-10-06,New
2529,2022-04-10,VIP
2530,2022-12-22,New
2531,2022-01-15,New
2532,2022-10-25,Returning
2533,2022-02-09,New
2534,2022-04-29,New
2535,2022-02-13,Returning
2536,2022-07-27,VIP
2537,2022-09-05,New
2538,2022-05-24,Returning
2539,2022-10-22,New
2540,2022-08-01,Returning
2541,2022-06-18,VIP
2542,2022-11-17,New
2543,2022-03-15,New
2544,2022-07-18,New
2545,2022-06-21,Returning
2546,2022-04-29,VIP
2547,2022-02-08,VIP
2548,2022-11-12,New
2549,2022-10-24,New
2550,2022-11-17,Returning
2551,2022-01-15,New
2552,2022-07-28,VIP
2553,2022-04-14,New
2554,2022-11-02,New
2555,2022-01-28,New
2556,2022-11-17,VIP
2557,2022-04-30,New
2558,2022-12-23,VIP
2559,2022-02-20,New
2560,2022-08-13,Returning
2561,2022-05-17,New
2562,2022-05-28,VIP
2563,2022-10-20,VIP
2564,2022-07-20,VIP
2565,2023-01-01,New
2566,2022-03-22,New
2567,2022-07-19,VIP
2568,2022-09-22,Returning
2569,2022-08-11,New
2570,2022-08-06,New
2571,2022-11-04,VIP
2572,2022-08-21,New
2573,2022-04-30,Returning
2574,2022-06-11,New
2575,2022-01-04,New
2576,2022-04-03,Returning
2577,2022-03-05,New
2578,2022-11-09,Returning
2579,2022-06-26,New
2580,2022-10-04,Returning
2581,2022-10-06,New
2582,2022-09-03,New
2583,2022-06-08,New
2584,2022-08-03,New
2585,2022-08-09,New
2586,2022-08-21,Returning
2587,2022-01-06,New
2588,2022-07-31,New
2589,2022-01-31,VIP
2590,2022-01-04,New
2591,2022-05-20,New
2592,2022-01-10,Returning
2593,2022-01-02,New
2594,2022-03-10,Returning
2595,2022-04-16,Returning
2596,2022-10-13,Returning
2597,2022-10-26,Returning
2598,2022-12-13,New
2599,2022-10-14,Returning
2600,2022-06-23,New
2601,2022-07-26,Returning
2602,2022-04-01,Returning
2603,2022-09-14,New
2604,2022-05-20,New
2605,2022-08-23,New
2606,2022-10-13,New
2607,2022-03-24,Returning
2608,2022-09-17,New
2609,2022-06-26,Returning
2610,2022-10-02,VIP
2611,2022-05-10,VIP
2612,2022-10-30,Returning
2613,2022-12-10,New
2614,2022-05-18,New
2615,2022-07-05,New
2616,2022-05-09,New
2617,2022-12-04,VIP
2618,2022-03-24,New
2619,2022-12-15,New
2620,2022-01-17,Returning
2621,2022-01-24,New
2622,2022-03-15,Returning
2623,2022-09-09,New
2624,2022-05-11,Returning
2625,2022-01-04,New
2626,2022-04-15,VIP
2627,2022-05-05,New
2628,2022-12-21,VIP
2629,2022-12-19,New
2630,2022-05-17,New
2631,2022-07-16,VIP
2632,2022-07-06,New
2633,2022-10-24,Returning
2634,2022-09-12,New
2635,2022-02-11,VIP
2636,2022-08-21,New
2637,2022-01-12,Returning
2638,2022-11-02,Returning
2639,2022-06-21,New
2640,2022-05-14,Returning
2641,2022-04-26,New
2642,2022-03-14,Returning
2643,2022-03-31,Returning
2644,2022-03-09,New
2645,2022-12-11,New
2646,2022-12-03,New
2647,2022-11-14,New
2648,2022-10-21,Returning
2649,2022-04-14,New
2650,2022-06-19,New
2651,2022-04-18,Returning
2652,2022-05-28,New
2653,2022-06-11,New
2654,2022-10-26,New
2655,2022-02-22,Returning
2656,2022-03-25,VIP
2657,2022-04-01,New
2658,2022-01-26,Returning
2659,2022-08-10,VIP
2660,2022-08-01,Returning
2661,2022-07-14,New
2662,2022-08-27,Returning
2663,2022-06-29,New
2664,2022-05-18,New
2665,2022-06-01,New
2666,2022-10-29,New
2667,2022-04-12,Returning
2668,2022-12-07,New
2669,2022-10-18,Returning
2670,2022-08-10,New
2671,2022-03-06,VIP
2672,2022-10-02,VIP
2673,2022-03-05,Returning
2674,2022-06-04,VIP
2675,2022-04-21,New
2676,2022-09-15,New
2677,2022-01-12,New
2678,2022-05-09,Returning
2679,2022-12-03,New
2680,2022-03-13,Returning
2681,2022-07-15,Returning
2682,2022-03-03,New
2683,2022-04-21,New
2684,2022-01-14,Returning
2685,2022-02-04,VIP
2686,2022-05-03,New
2687,2022-03-28,Returning
2688,2022-12-11,Returning
2689,2022-03-17,VIP
2690,2022-04-08,Returning
2691,2022-01-22,New
2692,2022-04-01,VIP
2693,2022-05-21,Returning
2694,2022-03-23,VIP
2695,2022-05-27,New
2696,2022-07-09,New
2697,2022-01-09,VIP
2698,2022-07-05,New
2699,2022-11-26,New
2700,2022-12-16,VIP
2701,2022-08-20,VIP
2702,2022-07-19,Returning
2703,2022-06-12,Returning
2704,2022-12-07,Returning
2705,2022-06-15,Returning
2706,2022-01-17,New
2707,2022-04-02,New
2708,2022-04-20,VIP
2709,2022-06-27,Returning
2710,2022-02-13,New
2711,2022-11-29,New
2712,2022-03-24,New
2713,2022-04-16,New
2714,2022-08-16,New
2715,2022-07-06,New
2716,2022-11-07,New
2717,2022-12-30,VIP
2718,2022-09-01,VIP
2719,2022-08-31,New
2720,2022-06-26,New
2721,2022-08-28,New
2722,2022-02-11,New
2723,2022-11-10,Returning
2724,2022-03-07,New
2725,2022-06-17,VIP
2726,2022-10-13,New
2727,2022-02-16,New
2728,2022-06-14,Returning
2729,2022-11-27,Returning
2730,2022-02-19,Returning
2731,2022-09-24,New
2732,2022-06-07,VIP
2733,2022-04-29,Returning
2734,2022-04-05,New
2735,2022-04-15,Returning
2736,2022-03-04,New
2737,2022-03-26,New
2738,2022-10-25,New
2739,2022-06-12,New
2740,2022-07-05,New
2741,2022-11-14,VIP
2742,2022-07-27,Returning
2743,2022-03-24,New
2744,2022-07-23,New
2745,2022-08-11,Returning
2746,2022-07-12,New
2747,2022-06-09,New
2748,2022-03-28,VIP
2749,2022-02-24,New
2750,2022-09-18,Returning
2751,2022-09-27,Returning
2752,2022-09-08,New
2753,2022-02-20,New
2754,2022-02-07,Returning
2755,2022-08-30,Returning
2756,2022-03-03,New
2757,2022-06-17,New
2758,2022-01-17,New
2759,2022-06-07,New
2760,2022-02-05,New
2761,2022-06-13,Returning
2762,2022-08-27,New
2763,2022-02-26,Returning
2764,2022-08-31,Returning
2765,2022-03-20,Returning
2766,2022-06-22,Returning
2767,2022-09-05,New
2768,2022-07-12,New
2769,2022-02-05,New
2770,2022-09-15,New
2771,2022-12-01,Returning
2772,2022-02-06,Returning
2773,2022-11-19,New
2774,2022-10-09,New
2775,2022-07-10,Returning
2776,2022-03-23,VIP
2777,2022-01-10,Returning
2778,2022-10-25,Returning
2779,2022-10-09,New
2780,2022-01-03,New
2781,2022-06-10,Returning
2782,2022-02-21,Returning
2783,2022-08-21,New
2784,2022-09-18,Returning
2785,2022-02-16,VIP
2786,2022-10-18,New
2787,2022-09-27,Returning
2788,2022-08-20,VIP
2789,2022-09-01,New
2790,2022-11-02,VIP
2791,2022-09-18,New
2792,2022-10-30,New
2793,2022-06-21,New
2794,2022-04-23,New
2795,2022-06-27,New
2796,2022-12-07,New
2797,2022-05-31,VIP
2798,2022-04-16,New
2799,2022-10-29,New
2800,2022-07-09,New
2801,2022-01-12,Returning
2802,2022-03-06,New
2803,2022-07-19,Returning
2804,2022-09-29,VIP
2805,2022-11-04,New
2806,2022-12-16,Returning
2807,2022-10-08,VIP
2808,2022-07-07,Returning
2809,2022-07-04,Returning
2810,2022-10-30,New
2811,2022-07-20,New
2812,2022-07-25,New
2813,2022-03-12,Returning
2814,2022-01-30,New
2815,2022-01-17,New
2816,2022-07-08,VIP
2817,2022-02-25,Returning
2818,2022-05-20,Returning
2819,2022-11-25,Returning
2820,2022-12-06,VIP
2821,2022-05-26,VIP
2822,2022-04-28,New
2823,2022-05-09,New
2824,2022-07-09,VIP
2825,2022-05-30,New
2826,2022-05-04,New
2827,2022-04-20,Returning
2828,2022-11-10,New
2829,2022-07-12,New
2830,2022-09-03,New
2831,2022-07-09,Returning
2832,2022-08-11,New
2833,2022-12-06,VIP
2834,2022-03-19,New
2835,2022-06-25,Returning
2836,2022-02-16,New
2837,2022-12-17,VIP
2838,2022-11-27,New
2839,2022-11-16,New
2840,2022-02-18,New
2841,2022-07-01,Returning
2842,2022-04-03,New
2843,2022-12-04,New
2844,2022-04-04,New
2845,2022-12-04,New
2846,2022-02-03,VIP
2847,2022-06-29,Returning
2848,2022-01-16,New
2849,2022-05-15,New
2850,2022-05-27,New
2851,2022-11-02,New
2852,2022-05-16,New
2853,2022-04-01,Returning
2854,2022-05-24,Returning
2855,2022-04-25,New
2856,2022-02-13,New
2857,2022-04-22,Returning
2858,2022-05-12,New
2859,2022-06-23,New
2860,2022-07-19,New
2861,2022-04-16,Returning
2862,2022-03-05,New
2863,2022-04-11,Returning
2864,2022-11-26,Returning
2865,2022-09-30,Returning
2866,2022-05-22,New
2867,2022-06-08,Returning
2868,2022-02-01,Returning
2869,2022-01-08,New
2870,2022-02-09,New
2871,2022-05-25,Returning
2872,2022-04-14,Returning
2873,2022-02-26,VIP
2874,2022-11-09,New
2875,2022-09-09,Returning
2876,2022-12-23,Returning
2877,2022-05-19,Returning
2878,2022-01-31,Returning
2879,2022-12-31,New
2880,2022-11-16,Returning
2881,2022-10-20,New
2882,2022-03-23,New
2883,2022-08-19,New
2884,2022-10-21,Returning
2885,2022-08-19,VIP
2886,2022-09-30,New
2887,2022-10-02,VIP
2888,2022-06-09,New
2889,2022-05-02,VIP
2890,2022-10-02,New
2891,2022-06-15,New
2892,2022-12-22,VIP
2893,2022-01-12,New
2894,2022-11-25,New
2895,2022-06-11,Returning
2896,2022-01-03,New
2897,2022-09-06,New
2898,2022-09-19,Returning
2899,2022-04-07,Returning
2900,2022-07-16,Returning
2901,2022-09-26,VIP
2902,2022-06-06,New
2903,2022-03-06,New
2904,2022-05-02,New
2905,2022-10-06,VIP
2906,2022-05-03,VIP
2907,2022-01-27,Returning
2908,2022-10-22,New
2909,2022-05-09,Returning
2910,2022-07-03,Returning
2911,2022-05-04,New
2912,2022-11-12,New
2913,2022-10-09,New
2914,2022-08-28,New
2915,2022-03-01,New
2916,2022-08-14,Returning
2917,2022-08-31,VIP
2918,2022-04-06,New
2919,2022-11-12,Returning
2920,2022-09-07,New
2921,2022-06-14,New
2922,2022-08-28,New
2923,2022-05-28,Returning
2924,2022-05-27,New
2925,2022-11-11,New
2926,2022-11-14,Returning
2927,2022-03-21,New
2928,2022-08-02,VIP
2929,2022-11-08,VIP
2930,2022-12-05,Returning
2931,2022-08-02,New
2932,2022-02-28,Returning
2933,2022-10-19,Returning
2934,2022-01-03,New
2935,2022-12-25,New
2936,2022-05-30,New
2937,2022-04-21,Returning
2938,2022-06-21,VIP
2939,2022-09-29,Returning
2940,2022-09-08,Returning
2941,2022-06-13,VIP
2942,2022-02-09,New
2943,2022-08-01,VIP
2944,2022-08-29,Returning
2945,2022-08-08,New
2946,2022-01-02,Returning
2947,2022-09-26,New
2948,2022-10-31,New
2949,2022-02-10,VIP
2950,2022-11-17,Returning
2951,2022-03-01,Returning
2952,2022-05-18,VIP
2953,2022-01-17,VIP
2954,2022-09-08,New
2955,2022-02-23,New
2956,2022-12-01,VIP
2957,2022-03-22,New
2958,2022-09-04,New
2959,2022-07-17,Returning
2960,2022-03-17,New
2961,2022-05-15,VIP
2962,2022-07-18,New
2963,2022-09-17,Returning
2964,2022-04-01,VIP
2965,2022-07-15,New
2966,2022-10-04,Returning
2967,2022-08-11,VIP
2968,2022-03-17,Returning
2969,2022-12-11,Returning
2970,2022-09-06,Returning
2971,2022-04-11,New
2972,2022-05-23,VIP
2973,2022-07-25,Returning
2974,2022-11-06,New
2975,2022-12-15,New
2976,2022-08-08,Returning
2977,2022-04-25,New
2978,2022-09-26,New
2979,2022-02-06,Returning
2980,2022-05-20,VIP
2981,2022-07-19,New
2982,2022-04-01,Returning
2983,2022-09-14,New
2984,2022-02-09,Returning
2985,2022-08-20,VIP
2986,2022-12-31,Returning
2987,2022-01-09,New
2988,2022-07-04,New
2989,2022-02-06,VIP
2990,2022-11-23,New
2991,2022-10-21,VIP
2992,2022-07-09,New
2993,2022-02-09,New
2994,2022-11-29,Returning
2995,2022-06-19,New
2996,2022-03-31,New
2997,2022-08-12,New
2998,2022-07-23,Returning
2999,2022-01-26,New
3000,2022-06-19,Returning
3001,2022-04-25,Returning
3002,2022-05-01,New
3003,2022-02-08,New
3004,2022-08-30,New
3005,2022-06-16,New
3006,2022-10-16,Returning
3007,2022-09-02,New
3008,2022-03-08,Returning
3009,2022-01-15,Returning
3010,2022-09-04,Returning
3011,2022-03-29,Returning
3012,2022-06-19,Returning
3013,2022-04-24,New
3014,2022-08-21,New
3015,2022-08-26,New
3016,2022-10-18,Returning
3017,2022-07-02,VIP
3018,2022-12-12,New
3019,2022-02-21,New
3020,2022-10-04,New
3021,2022-05-15,New
3022,2022-07-01,New
3023,2022-08-28,New
3024,2022-01-22,New
3025,2022-02-26,VIP
3026,2022-04-08,New
3027,2022-11-19,Returning
3028,2022-07-17,Returning
3029,2022-05-09,New
3030,2022-11-28,Returning
3031,2022-04-23,VIP
3032,2022-03-10,New
3033,2022-01-20,VIP
3034,2022-07-02,New
3035,2022-12-22,New
3036,2022-10-18,New
3037,2022-03-14,New
3038,2022-11-08,New
3039,2022-05-19,Returning
3040,2022-05-08,VIP
3041,2022-07-23,New
3042,2022-03-21,VIP
3043,2022-11-18,VIP
3044,2022-05-20,New
3045,2022-08-16,Returning
3046,2022-02-23,New
3047,2022-08-10,New
3048,2022-10-25,Returning
3049,2022-08-29,New
3050,2022-06-24,Returning
3051,2022-12-03,VIP
3052,2022-02-20,Returning
3053,2022-05-09,Returning
3054,2022-09-09,New
3055,2022-05-25,New
3056,2022-01-07,New
3057,2022-05-26,Returning
3058,2022-08-06,Returning
3059,2022-04-28,New
3060,2022-03-31,New
3061,2022-04-26,New
3062,2022-10-16,VIP
3063,2022-12-25,New
3064,2022-09-08,New
3065,2022-07-27,Returning
3066,2022-03-04,Returning
3067,2022-11-30,New
3068,2022-02-28,VIP
3069,2022-12-11,VIP
3070,2022-09-09,New
3071,2022-08-07,Returning
3072,2022-01-26,Returning
3073,2022-01-20,Returning
3074,2022-12-18,New
3075,2022-10-22,Returning
3076,2022-07-22,VIP
3077,2022-09-24,Returning
3078,2022-01-19,New
3079,2022-05-23,Returning
3080,2022-09-04,VIP
3081,2022-05-28,Returning
3082,2022-04-30,Returning
3083,2022-02-23,New
3084,2022-02-12,New
3085,2022-08-01,Returning
3086,2022-03-31,New
3087,2022-01-11,New
3088,2022-06-21,VIP
3089,2022-04-09,Returning
3090,2022-07-07,New
3091,2022-08-15,New
3092,2022-10-19,Returning
3093,2022-11-29,New
3094,2022-09-05,New
3095,2022-08-25,Returning
3096,2022-06-07,New
3097,2022-05-02,New
3098,2022-04-17,VIP
3099,2022-03-27,Returning
3100,2022-06-07,New
3101,2022-06-29,Returning
3102,2022-05-23,VIP
3103,2022-04-20,New
3104,2022-02-27,Returning
3105,2022-10-02,New
3106,2022-02-22,New
3107,2022-10-21,Returning
3108,2022-12-26,Returning
3109,2022-03-17,New
3110,2022-10-09,New
3111,2022-03-01,Returning
3112,2022-08-24,Returning
3113,2022-08-26,Returning
3114,2022-02-18,Returning
3115,2022-03-31,Returning
3116,2022-12-11,VIP
3117,2022-01-22,Returning
3118,2022-10-17,New
3119,2022-05-03,Returning
3120,2022-01-23,New
3121,2022-02-28,VIP
3122,2022-07-07,New
3123,2022-01-21,Returning
3124,2022-04-26,New
3125,2022-10-02,VIP
3126,2022-01-15,New
3127,2022-06-08,Returning
3128,2022-09-06,New
3129,2022-07-27,Returning
3130,2022-10-23,New
3131,2022-06-06,New
3132,2022-06-09,Returning
3133,2022-11-04,Returning
3134,2022-08-03,New
3135,2022-09-26,Returning
3136,2022-02-09,New
3137,2022-10-22,New
3138,2022-05-24,New
3139,2022-05-13,VIP
3140,2022-05-26,Returning
3141,2022-08-18,New
3142,2022-10-04,VIP
3143,2022-12-29,VIP
3144,2022-10-19,Returning
3145,2022-03-10,New
3146,2022-09-22,Returning
3147,2022-06-21,Returning
3148,2022-09-15,New
3149,2022-12-09,New
3150,2022-08-01,Returning
3151,2022-01-04,VIP
3152,2022-08-08,VIP
3153,2022-09-02,New
3154,2022-06-06,New
3155,2022-08-24,VIP
3156,2022-10-07,Returning
3157,2022-08-15,New
3158,2022-02-07,New
3159,2022-11-10,Returning
3160,2022-11-15,New
3161,2022-04-01,New
3162,2022-10-25,New
3163,2022-11-15,VIP
3164,2022-10-05,New
3165,2022-02-13,VIP
3166,2022-01-23,Returning
3167,2022-01-26,New
3168,2022-09-09,New
3169,2022-02-05,Returning
3170,2022-12-09,Returning
3171,2022-07-10,New
3172,2022-06-14,Returning
3173,2022-07-21,Returning
3174,2022-01-09,New
3175,2022-04-01,VIP
3176,2022-07-11,Returning
3177,2022-04-09,New
3178,2022-03-29,Returning
3179,2022-11-22,Returning
3180,2022-09-06,Returning
3181,2022-09-04,New
3182,2022-01-22,New
3183,2022-02-24,Returning
3184,2022-09-14,New
3185,2022-01-06,VIP
3186,2022-12-06,Returning
3187,2022-09-02,New
3188,2022-10-20,VIP
3189,2022-06-25,Returning
3190,2022-02-05,VIP
3191,2022-03-20,New
3192,2022-12-19,New
3193,2022-10-03,Returning
3194,2022-03-24,New
3195,2022-09-21,VIP
3196,2022-03-09,New
3197,2022-05-19,VIP
3198,2022-04-22,Returning
3199,2022-04-16,New
3200,2022-06-05,New
3201,2022-10-26,Returning
3202,2022-03-11,New
3203,2022-06-10,New
3204,2022-04-13,VIP
3205,2022-12-23,New
3206,2022-10-27,Returning
3207,2022-06-09,Returning
3208,2022-03-15,New
3209,2022-08-23,Returning
3210,2022-04-02,New
3211,2023-01-01,VIP
3212,2022-12-16,Returning
3213,2022-04-25,New
3214,2022-01-06,Returning
3215,2022-09-08,New
3216,2022-09-01,VIP
3217,2022-08-30,New
3218,2022-06-04,Returning
3219,2022-08-11,New
3220,2022-08-22,Returning
3221,2022-03-27,New
3222,2023-01-01,VIP
3223,2022-02-18,New
3224,2022-04-06,Returning
3225,2022-01-17,Returning
3226,2022-02-28,New
3227,2022-03-18,New
3228,2022-09-17,VIP
3229,2022-03-23,New
3230,2022-05-28,New
3231,2022-08-27,VIP
3232,2022-03-12,Returning
3233,2022-07-07,Returning
3234,2022-01-07,New
3235,2022-04-13,Returning
3236,2022-02-14,New
3237,2022-02-06,Returning
3238,2022-06-02,New
3239,2022-02-10,VIP
3240,2022-05-28,New
3241,2022-06-29,Returning
3242,2022-01-03,New
3243,2022-04-22,VIP
3244,2022-04-24,Returning
3245,2022-01-06,New
3246,2022-05-17,New
3247,2022-12-31,New
3248,2022-04-30,Returning
3249,2022-05-17,New
3250,2022-04-11,Returning
3251,2022-01-11,New
3252,2022-04-07,Returning
3253,2022-01-04,VIP
3254,2022-03-20,Returning
3255,2022-01-09,New
3256,2022-07-27,Returning
3257,2022-10-04,Returning
3258,2022-06-14,New
3259,2022-02-11,VIP
3260,2022-02-22,Returning
3261,2022-05-02,Returning
3262,2022-08-07,New
3263,2022-09-23,New
3264,2022-12-23,New
3265,2022-08-02,Returning
3266,2022-07-02,New
3267,2022-01-08,Returning
3268,2022-06-08,New
3269,2022-06-04,Returning
3270,2022-07-16,VIP
3271,2022-12-27,New
3272,2022-09-19,Returning
3273,2022-05-07,Returning
3274,2022-04-18,VIP
3275,2022-01-20,New
3276,2022-07-10,New
3277,2022-04-25,New
3278,2022-03-17,New
3279,2022-03-31,New
3280,2022-11-17,Returning
3281,2022-02-10,Returning
3282,2022-04-02,Returning
3283,2022-05-02,Returning
3284,2022-11-10,New
3285,2022-01-22,Returning
3286,2022-04-28,New
3287,2022-10-24,VIP
3288,2022-06-02,New
3289,2022-11-08,New
3290,2022-12-12,New
3291,2022-04-17,New
3292,2022-04-07,New
3293,2022-06-27,Returning
3294,2022-11-08,New
3295,2022-09-04,Returning
3296,2022-11-24,Returning
3297,2022-10-11,Returning
3298,2022-12-08,New
3299,2022-05-04,New
3300,2022-03-23,VIP
3301,2022-06-27,Returning
3302,2022-05-05,New
3303,2022-11-08,Returning
3304,2022-02-04,Returning
3305,2022-05-30,VIP
3306,2022-11-17,New
3307,2022-06-21,New
3308,2022-07-18,New
3309,2022-02-19,New
3310,2022-04-03,VIP
3311,2022-11-27,Returning
3312,2022-05-10,VIP
3313,2022-12-13,Returning
3314,2022-07-05,Returning
3315,2022-03-02,VIP
3316,2022-10-25,VIP
3317,2022-05-10,VIP
3318,2022-08-06,New
3319,2022-11-21,New
3320,2022-02-12,New
3321,2022-04-14,Returning
3322,2022-09-26,Returning
3323,2022-10-20,New
3324,2022-08-24,New
3325,2022-04-16,Returning
3326,2022-02-01,Returning
3327,2022-06-27,Returning
3328,2022-12-31,VIP
3329,2022-12-28,New
3330,2022-10-04,Returning
3331,2022-03-22,New
3332,2022-11-01,New
3333,2022-06-05,New
3334,2022-12-22,New
3335,2022-09-06,Returning
3336,2022-05-05,VIP
3337,2022-04-28,New
3338,2022-12-26,VIP
3339,2022-10-29,New
3340,2022-10-09,New
3341,2022-09-30,Returning
3342,2022-08-24,VIP
3343,2022-03-21,Returning
3344,2022-11-25,Returning
3345,2022-10-09,Returning
3346,2022-07-09,New
3347,2022-03-23,Returning
3348,2022-03-26,New
3349,2022-11-23,Returning
3350,2022-06-20,New
3351,2022-05-10,Returning
3352,2022-07-26,New
3353,2022-02-24,New
3354,2022-11-22,Returning
3355,2022-06-11,Returning
3356,2022-04-15,Returning
3357,2022-01-08,New
3358,2022-12-29,New
3359,2022-04-12,New
3360,2022-08-30,Returning
3361,2022-04-04,Returning
3362,2022-06-23,New
3363,2022-03-23,Returning
3364,2022-11-02,Returning
3365,2022-02-02,Returning
3366,2022-08-13,New
3367,2022-03-14,New
3368,2022-09-17,VIP
3369,2022-11-13,New
3370,2022-08-29,Returning
3371,2022-04-30,New
3372,2022-01-31,Returning
3373,2022-07-04,New
3374,2022-09-02,Returning
3375,2022-01-26,New
3376,2022-04-06,Returning
3377,2022-07-20,New
3378,2022-05-08,New
3379,2022-10-01,VIP
3380,2022-07-04,Returning
3381,2022-08-08,Returning
3382,2022-10-04,Returning
3383,2022-11-30,New
3384,2022-10-10,New
3385,2022-03-16,VIP
3386,2022-03-30,Returning
3387,2022-07-26,Returning
3388,2022-02-14,New
3389,2022-11-05,New
3390,2022-04-08,Returning
3391,2022-03-29,Returning
3392,2022-12-08,New
3393,2022-02-19,New
3394,2022-03-25,Returning
3395,2022-07-16,New
3396,2022-07-05,New
3397,2022-06-02,Returning
3398,2022-07-11,Returning
3399,2022-12-13,New
3400,2022-07-28,Returning
3401,2022-02-20,New
3402,2022-06-20,New
3403,2022-10-04,Returning
3404,2022-02-04,Returning
3405,2022-07-30,Returning
3406,2022-10-26,New
3407,2022-05-29,New
3408,2022-10-30,New
3409,2022-05-19,Returning
3410,2022-04-29,VIP
3411,2022-10-23,New
3412,2022-09-09,New
3413,2022-06-01,Returning
3414,2022-10-13,Returning
3415,2022-03-08,New
3416,2022-04-10,Returning
3417,2022-10-29,VIP
3418,2022-05-31,New
3419,2022-06-06,New
3420,2022-08-18,Returning
3421,2022-05-07,Returning
3422,2022-07-29,New
3423,2022-07-23,Returning
3424,2022-08-11,New
3425,2022-06-06,Returning
3426,2023-01-01,Returning
3427,2022-05-27,Returning
3428,2022-11-19,New
3429,2022-10-11,VIP
3430,2022-03-11,New
3431,2022-10-11,New
3432,2022-05-20,New
3433,2022-10-01,New
3434,2022-01-03,New
3435,2022-01-08,Returning
3436,2022-09-02,Returning
3437,2022-02-03,Returning
3438,2022-02-03,Returning
3439,2022-10-19,New
3440,2022-08-17,New
3441,2022-10-25,New
3442,2022-10-10,Returning
3443,2022-06-23,New
3444,2022-07-02,New
3445,2022-07-21,Returning
3446,2022-10-21,Returning
3447,2022-06-21,New
3448,2022-01-21,New
3449,2022-08-23,Returning
3450,2022-04-26,Returning
3451,2022-10-09,New
3452,2022-04-02,Returning
3453,2022-06-05,Returning
3454,2022-02-01,Returning
3455,2022-12-04,Returning
3456,2022-05-07,Returning
3457,2022-08-01,New
3458,2022-08-20,New
3459,2022-09-02,VIP
3460,2022-02-06,New
3461,2022-10-01,New
3462,2022-05-16,Returning
3463,2022-12-23,Returning
3464,2022-01-15,Returning
3465,2022-03-15,VIP
3466,2022-04-25,New
3467,2022-06-26,Returning
3468,2022-08-23,New
3469,2022-07-26,New
3470,2022-05-06,New
3471,2022-06-30,New
3472,2022-02-09,Returning
3473,2022-09-05,VIP
3474,2022-02-20,New
3475,2022-09-14,New
3476,2022-11-10,Returning
3477,2022-11-16,Returning
3478,2022-09-27,Returning
3479,2022-02-01,Returning
3480,2022-03-15,Returning
3481,2022-04-08,New
3482,2022-09-12,Returning
3483,2022-10-14,New
3484,2022-08-22,New
3485,2022-05-03,VIP
3486,2022-11-03,New
3487,2022-06-23,New
3488,2022-08-20,New
3489,2022-03-30,New
3490,2022-05-11,Returning
3491,2022-11-08,New
3492,2022-09-11,New
3493,2022-03-13,Returning
3494,2022-02-12,Returning
3495,2022-06-29,VIP
3496,2022-03-06,New
3497,2022-10-17,New
3498,2022-08-06,New
3499,2022-05-12,Returning
3500,2022-12-22,New
3501,2022-06-22,Returning
3502,2022-02-24,New
3503,2022-10-17,New
3504,2022-12-28,New
3505,2022-05-10,Returning
3506,2022-05-05,VIP
3507,2022-10-05,New
3508,2022-09-04,Returning
3509,2022-08-29,VIP
3510,2022-12-02,VIP
3511,2022-04-05,New
3512,2022-10-15,Returning
3513,2022-03-26,Returning
3514,2022-05-09,New
3515,2022-11-25,New
3516,2022-04-03,New
3517,2022-11-10,Returning
3518,2022-05-06,New
3519,2022-12-04,Returning
3520,2022-06-04,New
3521,2022-07-23,Returning
3522,2022-06-24,New
3523,2022-04-03,VIP
3524,2022-04-07,New
3525,2022-12-16,Returning
3526,2022-11-03,Returning
3527,2022-01-08,Returning
3528,2022-07-25,New
3529,2022-03-08,New
3530,2022-06-14,Returning
3531,2022-03-25,Returning
3532,2022-12-07,Returning
3533,2022-07-02,Returning
3534,2022-04-02,Returning
3535,2022-08-03,Returning
3536,2022-04-15,Returning
3537,2022-03-04,New
3538,2022-03-10,New
3539,2022-10-19,Returning
3540,2022-02-04,Returning
3541,2022-06-03,New
3542,2022-10-27,New
3543,2022-03-18,New
3544,2022-10-01,New
3545,2022-09-02,Returning
3546,2022-08-03,Returning
3547,2022-07-01,Returning
3548,2022-10-31,New
3549,2022-02-25,Returning
3550,2022-03-08,VIP
3551,2022-09-12,Returning
3552,2022-01-12,New
3553,2022-12-11,Returning
3554,2022-11-18,Returning
3555,2022-03-28,New
3556,2022-10-05,New
3557,2022-10-17,New
3558,2022-12-24,VIP
3559,2022-09-03,New
3560,2022-12-05,New
3561,2022-05-14,New
3562,2022-12-30,New
3563,2022-07-26,New
3564,2022-02-12,New
3565,2022-06-09,VIP
3566,2022-09-03,New
3567,2022-11-23,Returning
3568,2022-01-18,Returning
3569,2022-12-26,New
3570,2022-07-03,New
3571,2022-08-20,VIP
3572,2022-03-27,New
3573,2022-05-31,New
3574,2022-01-24,New
3575,2022-01-19,New
3576,2022-04-11,Returning
3577,2022-07-12,New
3578,2022-06-21,Returning
3579,2022-01-31,New
3580,2022-04-08,New
3581,2022-04-03,Returning
3582,2022-01-23,Returning
3583,2022-08-18,Returning
3584,2022-03-04,New
3585,2022-04-01,New
3586,2022-08-14,New
3587,2022-04-01,New
3588,2022-11-23,New
3589,2022-12-26,New
3590,2022-02-17,VIP
3591,2022-01-10,VIP
3592,2022-07-28,New
3593,2022-08-12,VIP
3594,2022-10-11,New
3595,2022-01-25,New
3596,2022-09-28,VIP
3597,2022-05-11,New
3598,2022-03-10,Returning
3599,2022-07-20,Returning
3600,2022-01-17,Returning
3601,2022-08-21,Returning
3602,2022-03-24,Returning
3603,2022-10-15,Returning
3604,2022-07-10,New
3605,2022-04-21,New
3606,2022-10-01,New
3607,2022-03-03,VIP
3608,2022-01-23,New
3609,2022-09-18,New
3610,2022-07-05,VIP
3611,2022-12-26,New
3612,2022-08-07,Returning
3613,2022-05-28,New
3614,2022-11-03,New
3615,2022-01-10,VIP
3616,2022-10-29,New
3617,2022-07-01,VIP
3618,2022-12-29,Returning
3619,2022-09-15,New
3620,2022-03-14,New
3621,2022-08-06,New
3622,2022-02-23,New
3623,2022-03-08,New
3624,2022-07-27,New
3625,2022-11-06,New
3626,2022-03-12,New
3627,2022-01-30,New
3628,2022-10-04,New
3629,2022-12-05,VIP
3630,2022-02-27,New
3631,2022-05-24,VIP
3632,2022-09-29,VIP
3633,2022-10-31,Returning
3634,2022-07-04,New
3635,2022-01-28,Returning
3636,2022-11-01,New
3637,2022-04-13,New
3638,2022-10-01,New
3639,2022-05-31,New
3640,2022-07-23,New
3641,2022-06-09,New
3642,2022-11-13,New
3643,2022-02-21,VIP
3644,2022-01-07,Returning
3645,2022-07-04,VIP
3646,2022-08-07,New
3647,2022-03-19,Returning
3648,2022-11-01,New
3649,2022-12-07,New
3650,2022-04-15,VIP
3651,2022-06-16,New
3652,2022-05-16,VIP
3653,2022-12-22,New
3654,2022-02-20,Returning
3655,2022-05-03,New
3656,2022-11-22,Returning
3657,2022-05-05,New
3658,2022-01-09,Returning
3659,2022-09-30,New
3660,2022-01-22,Returning
3661,2022-01-16,Returning
3662,2022-02-28,Returning
3663,2022-07-07,New
3664,2022-07-23,Returning
3665,2022-08-22,Returning
3666,2022-03-21,New
3667,2022-11-07,Returning
3668,2022-06-21,Returning
3669,2022-06-16,Returning
3670,2022-01-27,New
3671,2022-02-04,Returning
3672,2022-07-09,New
3673,2022-05-28,New
3674,2022-04-18,New
3675,2022-06-17,VIP
3676,2022-09-20,New
3677,2022-11-04,New
3678,2022-06-10,Returning
3679,2022-07-26,New
3680,2022-09-25,New
3681,2022-08-29,New
3682,2022-12-17,New
3683,2022-06-13,New
3684,2022-12-05,VIP
3685,2022-11-24,New
3686,2022-03-26,New
3687,2022-11-23,VIP
3688,2022-04-22,New
3689,2022-07-07,Returning
3690,2022-10-05,Returning
3691,2022-06-07,New
3692,2022-06-25,New
3693,2022-02-03,VIP
3694,2022-01-14,Returning
3695,2022-07-16,New
3696,2022-08-21,New
3697,2022-06-02,New
3698,2022-11-22,VIP
3699,2022-06-23,New
3700,2022-11-26,Returning
3701,2022-09-23,Returning
3702,2022-03-31,VIP
3703,2022-03-26,Returning
3704,2022-07-11,New
3705,2022-01-15,New
3706,2022-11-07,VIP
3707,2022-09-09,New
3708,2022-05-30,Returning
3709,2022-07-23,Returning
3710,2022-05-10,VIP
3711,2022-11-30,New
3712,2022-04-14,New
3713,2022-11-03,New
3714,2022-09-25,New
3715,2022-10-28,New
3716,2022-04-14,Returning
3717,2022-12-18,Returning
3718,2022-01-10,New
3719,2022-08-18,Returning
3720,2022-10-09,New
3721,2022-09-04,New
3722,2022-07-05,New
3723,2022-10-10,New
3724,2022-03-29,Returning
3725,2022-04-01,Returning
3726,2022-05-17,New
3727,2022-02-05,New
3728,2022-04-13,VIP
3729,2022-11-04,Returning
3730,2022-09-27,New
3731,2022-07-12,New
3732,2022-09-11,New
3733,2022-08-10,New
3734,2022-07-12,Returning
3735,2022-03-21,New
3736,2022-06-17,VIP
3737,2022-03-02,New
3738,2022-05-25,VIP
3739,2022-12-30,New
3740,2022-01-06,Returning
3741,2022-11-09,Returning
3742,2022-08-10,Returning
3743,2022-12-25,New
3744,2022-06-24,VIP
3745,2022-04-29,New
3746,2022-09-18,Returning
3747,2022-01-28,VIP
3748,2022-11-08,Returning
3749,2022-01-20,New
3750,2022-03-21,New
3751,2022-11-07,VIP
3752,2022-11-25,New
3753,2022-12-08,Returning
3754,2022-06-05,New
3755,2022-10-02,New
3756,2022-01-12,New
3757,2022-11-20,VIP
3758,2022-03-13,New
3759,2022-08-17,New
3760,2022-12-27,New
3761,2022-04-08,New
3762,2022-06-01,Returning
3763,2022-10-10,Returning
3764,2022-08-25,New
3765,2022-11-08,Returning
3766,2022-11-13,Returning
3767,2022-06-08,New
3768,2022-06-19,Returning
3769,2022-10-19,New
3770,2022-09-15,New
3771,2022-01-03,VIP
3772,2022-08-26,VIP
3773,2022-07-08,VIP
3774,2022-11-04,New
3775,2022-12-24,Returning
3776,2022-05-23,Returning
3777,2022-10-05,VIP
3778,2022-04-05,Returning
3779,2022-10-09,VIP
3780,2022-08-20,VIP
3781,2022-05-10,New
3782,2022-04-24,New
3783,2022-08-29,New
3784,2022-04-11,Returning
3785,2022-06-10,Returning
3786,2022-03-10,Returning
3787,2022-03-31,New
3788,2022-03-08,New
3789,2022-09-27,Returning
3790,2022-12-03,Returning
3791,2022-12-31,VIP
3792,2022-09-03,New
3793,2022-08-03,Returning
3794,2022-09-27,Returning
3795,2022-11-04,Returning
3796,2022-07-30,New
3797,2022-09-12,Returning
3798,2022-12-21,Returning
3799,2022-03-02,New
3800,2022-06-26,Returning
3801,2022-10-30,New
3802,2022-09-03,VIP
3803,2022-06-05,New
3804,2022-11-27,New
3805,2022-06-26,New
3806,2022-04-08,New
3807,2022-11-03,New
3808,2022-06-30,Returning
3809,2022-02-08,Returning
3810,2022-04-20,New
3811,2022-07-22,VIP
3812,2022-12-23,New
3813,2022-01-27,New
3814,2022-01-08,New
3815,2022-03-21,New
3816,2022-10-10,Returning
3817,2022-06-03,New
3818,2022-03-14,New
3819,2022-06-22,New
3820,2022-01-12,Returning
3821,2022-05-29,Returning
3822,2022-12-30,New
3823,2022-09-15,VIP
3824,2022-01-03,New
3825,2022-01-08,New
3826,2022-01-30,New
3827,2022-10-18,Returning
3828,2022-10-01,Returning
3829,2022-05-26,Returning
3830,2022-12-20,VIP
3831,2022-02-10,New
3832,2022-07-07,Returning
3833,2022-04-10,New
3834,2022-05-23,New
3835,2022-08-23,Returning
3836,2022-02-06,VIP
3837,2022-10-04,New
3838,2022-06-29,VIP
3839,2022-08-01,Returning
3840,2022-04-14,VIP
3841,2022-04-18,New
3842,2022-07-21,New
3843,2022-09-03,VIP
3844,2022-10-17,Returning
3845,2022-12-15,New
3846,2022-07-25,VIP
3847,2022-12-31,New
3848,2022-08-26,VIP
3849,2022-01-13,New
3850,2022-05-08,Returning
3851,2022-08-03,New
3852,2022-01-22,Returning
3853,2022-01-03,Returning
3854,2022-03-24,New
3855,2022-09-12,New
3856,2022-02-12,New
3857,2022-03-19,Returning
3858,2022-05-10,New
3859,2022-07-14,VIP
3860,2022-09-25,VIP
3861,2022-09-15,New
3862,2022-06-26,New
3863,2022-07-01,New
3864,2022-07-20,Returning
3865,2022-03-17,New
3866,2022-10-02,Returning
3867,2022-11-18,VIP
3868,2022-10-31,New
3869,2022-05-20,New
3870,2022-12-21,New
3871,2022-09-10,New
3872,2022-10-31,New
3873,2022-12-23,New
3874,2022-01-22,VIP
3875,2022-08-22,VIP
3876,2022-02-07,Returning
3877,2022-07-10,Returning
3878,2022-01-12,New
3879,2022-11-12,Returning
3880,2022-08-19,Returning
3881,2022-10-03,New
3882,2022-04-03,New
3883,2022-10-05,Returning
3884,2022-06-11,VIP
3885,2022-10-25,New
3886,2022-12-08,New
3887,2022-02-11,VIP
3888,2022-03-26,Returning
3889,2022-03-18,New
3890,2022-01-03,New
3891,2022-02-25,New
3892,2022-12-07,New
3893,2022-09-20,VIP
3894,2022-08-04,New
3895,2022-01-20,New
3896,2022-12-25,New
3897,2022-04-07,New
3898,2022-12-08,VIP
3899,2022-10-31,VIP
3900,2022-10-04,New
3901,2022-07-23,New
3902,2022-02-05,New
3903,2022-02-22,Returning
3904,2022-09-08,VIP
3905,2022-01-07,New
3906,2022-12-10,New
3907,2022-12-11,VIP
3908,2022-07-10,New
3909,2022-08-30,VIP
3910,2022-02-18,Returning
3911,2022-12-23,New
3912,2022-02-13,New
3913,2022-09-20,VIP
3914,2022-03-19,Returning
3915,2022-12-27,VIP
3916,2022-02-02,New
3917,2022-03-06,New
3918,2022-06-03,Returning
3919,2022-03-04,New
3920,2022-03-15,Returning
3921,2022-02-23,Returning
3922,2022-04-27,Returning
3923,2022-01-12,New
3924,2022-06-05,VIP
3925,2022-04-22,New
3926,2022-07-12,Returning
3927,2022-01-06,New
3928,2022-12-24,Returning
3929,2022-04-07,New
3930,2022-10-05,Returning
3931,2022-05-01,New
3932,2022-10-29,New
3933,2022-08-30,New
3934,2022-04-26,New
3935,2022-08-05,VIP
3936,2022-05-04,New
3937,2022-05-11,New
3938,2022-11-21,New
3939,2022-04-23,New
3940,2022-09-22,VIP
3941,2022-07-30,New
3942,2022-06-28,New
3943,2022-08-16,New
3944,2022-09-27,Returning
3945,2022-11-03,New
3946,2022-05-18,New
3947,2022-04-01,Returning
3948,2022-10-24,VIP
3949,2022-05-26,New
3950,2022-11-15,New
3951,2022-05-11,New
3952,2022-09-15,Returning
3953,2022-08-24,Returning
3954,2022-05-02,Returning
3955,2022-07-16,New
3956,2022-07-21,New
3957,2022-09-13,New
3958,2022-03-11,Returning
3959,2022-09-13,Returning
3960,2022-05-10,Returning
3961,2022-12-11,New
3962,2022-02-03,New
3963,2022-01-14,New
3964,2022-10-27,New
3965,2022-07-24,VIP
3966,2022-11-23,VIP
3967,2022-08-03,Returning
3968,2022-02-19,VIP
3969,2022-05-30,Returning
3970,2022-11-12,New
3971,2022-01-13,Returning
3972,2022-06-12,New
3973,2022-12-05,VIP
3974,2022-08-21,Returning
3975,2022-11-09,Returning
3976,2022-02-13,Returning
3977,2022-08-12,Returning
3978,2022-07-03,Returning
3979,2022-03-01,New
3980,2022-06-08,New
3981,2022-12-15,New
3982,2022-12-05,New
3983,2022-10-30,New
3984,2022-04-30,Returning
3985,2022-05-21,Returning
3986,2022-08-24,New
3987,2022-09-09,New
3988,2022-12-03,VIP
3989,2022-12-07,Returning
3990,2022-05-15,New
3991,2022-03-17,New
3992,2022-07-02,New
3993,2022-04-25,New
3994,2022-07-22,New
3995,2022-12-13,VIP
3996,2023-01-01,New
3997,2022-03-15,VIP
3998,2022-02-19,New
3999,2022-01-07,New
4000,2022-09-11,New
